sample_id,variety,region,quality_score,sugar_content_brix,acidity_ph,cluster_weight_g,berry_size_mm,harvest_date,sun_exposure_hours,soil_moisture_percent,rainfall_mm
1,Riesling,Barossa Valley,2.11,13.7,3.17,251.81,18.58,9/4/2023,8.4,55.9,223.3
2,Pinot Noir,Loire Valley,2.83,20.84,3.15,289,22.08,9/16/2023,8.8,36.9,312.1
3,Sauvignon Blanc,Napa Valley,3.52,27.46,4.07,125.14,21.4,8/25/2023,11.1,64.9,698.7
4,Riesling,Napa Valley,2.28,24.64,3.15,237.46,12.31,9/13/2023,8,54.5,660.1
5,Merlot,Napa Valley,2.9,26.13,3.18,221.52,12.24,8/11/2023,11.2,36.3,410.4
6,Zinfandel,Mendoza,2.05,23.18,3.86,299.85,14.02,9/29/2023,6.5,68.5,426.1
7,Sauvignon Blanc,Tuscany,2.96,23.85,3.43,321.83,15.42,8/11/2023,10.7,50.7,520.1
8,Sauvignon Blanc,Mendoza,3.18,26.98,3.89,53.65,16.13,8/1/2023,11.1,32.9,200.1
9,Riesling,Tuscany,2.01,14.99,2.89,252.21,20.2,9/29/2023,7.1,55.1,344.7
10,Chardonnay,Rioja,2.07,19.79,3.48,65.55,10.85,8/1/2023,8.6,40.1,324.9
11,Merlot,Mendoza,1.3,14.42,2.85,214.66,10.52,9/24/2023,7,62.1,350.3
12,Riesling,Mendoza,3.12,29.75,2.89,136.29,15.88,8/16/2023,10.2,62.7,683.5
13,Merlot,Barossa Valley,3.22,28.88,4.07,142.03,20.46,9/1/2023,9.2,69.2,367.8
14,Merlot,Bordeaux,1.75,10.79,2.99,155.89,12.9,9/20/2023,9.8,50.1,314.9
15,Zinfandel,Mendoza,2.68,24.11,3.55,236.39,19.62,9/3/2023,7.2,48.2,502.6
16,Sauvignon Blanc,Barossa Valley,2.56,28.5,3.38,150.21,13.9,8/13/2023,7.3,60.1,719.4
17,Pinot Noir,Sonoma,2,13.61,3.29,269.81,23.29,9/3/2023,6.2,35.3,344.8
18,Zinfandel,Bordeaux,2.66,21.36,4.06,171.36,23.44,9/11/2023,7.9,51.9,247.1
19,Zinfandel,Rioja,2.8,28.31,2.83,70.51,14.46,9/30/2023,9.4,51.8,413.8
20,Merlot,Mendoza,2.06,10.68,3.73,285.13,13.45,8/14/2023,11.1,33.6,648.6
21,Syrah,Loire Valley,2.75,23.95,4.15,135.73,16.17,8/18/2023,10,46.7,530.4
22,Sauvignon Blanc,Napa Valley,2.01,15.95,3.58,179.83,13.61,8/21/2023,8.6,64.1,690.1
23,Chardonnay,Sonoma,3.58,28.49,4.11,255.63,20.09,8/2/2023,11.7,64.2,775.8
24,Zinfandel,Sonoma,3.52,29.42,2.87,149.74,22.39,8/14/2023,10.3,34,675.6
25,Pinot Noir,Rioja,3.71,28.89,3.39,66.98,20.1,9/4/2023,11.6,33.6,562.3
26,Syrah,Barossa Valley,2.82,19.48,3.16,162.18,22.37,9/19/2023,9.2,40.5,496
27,Syrah,Sonoma,2.62,27.24,3.82,333.33,15.95,8/30/2023,7.6,65,224
28,Chardonnay,Bordeaux,2.05,26.89,4.17,242.52,12.34,8/20/2023,6.3,35.2,790.6
29,Zinfandel,Mendoza,2.77,16.38,3.16,251.44,21.07,9/4/2023,10.4,58.8,430.1
30,Pinot Noir,Mendoza,2.42,26.58,3.72,239.68,15.41,9/13/2023,6.7,34,291.3
31,Sauvignon Blanc,Loire Valley,1.91,10.74,3.08,109.7,20.07,8/29/2023,7.8,54.9,600
32,Cabernet Sauvignon,Rioja,2.5,21.93,3.59,175.5,14.06,9/4/2023,9.2,44.2,370.6
33,Pinot Noir,Napa Valley,1.91,14.6,3.45,275.28,11.22,9/17/2023,9.4,61.6,551.5
34,Chardonnay,Barossa Valley,2.38,12.41,4.16,80.41,24.89,9/5/2023,9.6,39.3,552.1
35,Syrah,Napa Valley,1.38,11.54,3.65,133.36,12.34,8/8/2023,7,55.6,467.4
36,Sauvignon Blanc,Sonoma,2.97,23.93,3.29,132.9,24.83,8/6/2023,8.3,39.4,701.7
37,Pinot Noir,Rioja,2.69,16.8,2.96,179.61,24.66,9/16/2023,9.7,58.5,359
38,Cabernet Sauvignon,Loire Valley,3.51,24.5,3.01,344.11,21.91,8/20/2023,11.8,64.9,469.2
39,Cabernet Sauvignon,Napa Valley,2.38,11.31,3.12,70.25,19.89,8/28/2023,10.4,35.1,522.6
40,Merlot,Bordeaux,2.79,16.31,3.15,205.61,18.67,9/3/2023,11.5,64.7,598.2
41,Merlot,Mendoza,3.09,20.79,3.99,103.81,22.99,8/10/2023,10.6,53.7,670.4
42,Riesling,Sonoma,2.82,25.81,3.59,341.2,14.34,9/13/2023,9.6,35.1,436.9
43,Chardonnay,Loire Valley,2.04,16.38,3.53,83.99,17.02,9/10/2023,7.2,47.1,587.6
44,Zinfandel,Napa Valley,2.9,22.52,2.96,171.08,19.29,9/4/2023,10,36.4,290.4
45,Pinot Noir,Barossa Valley,2.97,27.72,4,271.37,16.17,8/16/2023,9.7,58,759.6
46,Pinot Noir,Bordeaux,2.69,22.32,3.81,261.37,16.41,9/28/2023,9.6,60.4,429.8
47,Zinfandel,Bordeaux,1.94,14.66,2.89,176.82,14.95,9/24/2023,8.9,34.2,637.7
48,Riesling,Napa Valley,2.05,10.49,3.79,153.96,18.46,9/18/2023,9.2,50.2,212.2
49,Syrah,Mendoza,3.16,27.4,3.56,169.28,22.76,9/15/2023,8,62.6,323.1
50,Syrah,Napa Valley,1.6,10.43,,129.28,13.02,9/10/2023,9.1,67.4,492.2
51,Riesling,Sonoma,3.03,27.49,3.44,111.6,24.02,8/23/2023,7.2,50.5,727
52,Syrah,Napa Valley,3.12,20.58,3.48,194.91,20.34,9/27/2023,10.8,68,516.4
53,Merlot,Bordeaux,2.99,28.78,3.03,130.56,22.35,8/15/2023,7.1,51.4,757.9
54,Pinot Noir,Loire Valley,2.44,25.98,4.12,136.24,18.34,8/9/2023,6.5,45.8,490.3
55,Riesling,Napa Valley,3.29,29.96,3.99,247.03,21.69,8/14/2023,8.6,63.9,494.3
56,Pinot Noir,Mendoza,2.03,17.01,3.74,340.56,10.24,9/10/2023,9.9,49.7,271.8
57,Zinfandel,Rioja,3.14,25.34,3.45,231.09,22.28,9/1/2023,8.6,48.9,681.6
58,Cabernet Sauvignon,Loire Valley,1.78,18.04,3.38,73.09,10.6,9/27/2023,7.7,49.6,348.2
59,Merlot,Barossa Valley,2.87,19.6,3.71,72.68,23.35,8/19/2023,9.3,63.9,739.8
60,Sauvignon Blanc,Tuscany,2.89,22.55,3.56,335.43,24.88,9/22/2023,8.1,63.3,746.5
61,Merlot,Napa Valley,3.12,27.47,2.89,139.19,14.41,9/4/2023,11.6,46.1,766
62,Riesling,Mendoza,3.3,29.68,3.52,77.62,13.15,8/24/2023,11.5,43.3,512.1
63,Sauvignon Blanc,Loire Valley,3.08,25.37,3.93,229.71,21.48,8/18/2023,9,49.7,606.3
64,Cabernet Sauvignon,Mendoza,2.07,18.36,3.44,237.09,13.8,9/19/2023,8,52.9,667.1
65,Riesling,Barossa Valley,2.88,18.43,2.87,244.55,22.98,8/26/2023,10.4,39.5,278.6
66,Chardonnay,Bordeaux,1.92,24.75,3.9,130.22,11.54,8/30/2023,6.2,61.8,560.6
67,Pinot Noir,Mendoza,1.77,14.78,3.08,54.53,11.89,9/15/2023,8.8,49.5,220.6
68,Cabernet Sauvignon,Loire Valley,2.18,12.21,3.16,339.5,24.69,9/30/2023,8,43.4,498.5
69,Pinot Noir,Mendoza,2.9,17.09,3.03,125.27,20.11,8/5/2023,11.5,34.3,292.9
70,Syrah,Mendoza,2.1,15.74,3.26,252.81,22.7,8/18/2023,6.1,39.6,309.8
71,Chardonnay,Mendoza,2.14,15.93,3.86,261.99,14.86,9/1/2023,9.3,68,419
72,Chardonnay,Sonoma,2.68,14.67,3.53,233,20.15,9/26/2023,10.4,42.2,459.5
73,Cabernet Sauvignon,Sonoma,2.03,10.84,3.09,143.87,18.91,9/26/2023,8.9,36.8,573.9
74,Chardonnay,Bordeaux,1.58,10.36,4.03,131.33,19.05,8/17/2023,6.5,48.4,244.7
75,Sauvignon Blanc,Napa Valley,3.7,29.75,4.03,229.3,20.24,8/26/2023,11.8,42.3,502.2
76,Chardonnay,Mendoza,2.48,18.56,4.02,309.83,18.63,9/3/2023,9.1,31.4,309.6
77,Pinot Noir,Barossa Valley,2.41,17.69,3.13,334.02,16.44,8/24/2023,9.7,42.9,544.4
78,Pinot Noir,Napa Valley,2.31,23.59,3.43,81.77,14.14,8/21/2023,7.4,51.8,582.4
79,Riesling,Barossa Valley,2.34,14.37,4.18,96.45,21.53,9/5/2023,8.9,52.1,534
80,Pinot Noir,Napa Valley,2.7,29,3.88,333.42,13.39,8/14/2023,8.6,44.3,643
81,Riesling,Bordeaux,2.54,25.73,2.84,270.96,20.39,9/25/2023,6.4,47.9,401.4
82,Pinot Noir,Mendoza,1.29,11.79,2.89,314.9,13.5,9/5/2023,6.6,68.6,659.1
83,Sauvignon Blanc,Mendoza,2.95,18.35,3.45,110.79,19.38,9/21/2023,11,45.1,459.7
84,Zinfandel,Tuscany,2.89,27.58,4.07,226.28,21.21,9/26/2023,7.4,40.3,490.5
85,Riesling,Barossa Valley,2.54,28.89,3.55,260.34,13.28,8/30/2023,7.2,39.7,588.9
86,Merlot,Napa Valley,2.12,19.35,3.5,254.03,10.9,9/9/2023,9,48.3,211
87,Syrah,Napa Valley,2.5,22.27,2.95,172.45,11.96,9/28/2023,10.6,60.4,592.4
88,Cabernet Sauvignon,Rioja,1.82,13.34,3.72,54.62,19.09,9/26/2023,6.4,38.2,571.2
89,Pinot Noir,Rioja,3.46,29.82,3.95,224.88,22.74,8/3/2023,9.5,58.4,385.9
90,Chardonnay,Sonoma,1.4,14.63,3.33,125.93,10.67,8/15/2023,6.7,30.8,251.5
91,Zinfandel,Tuscany,2.8,28.85,3.89,185.08,21.01,9/4/2023,6.2,46.8,254.6
92,Pinot Noir,Loire Valley,2.01,22.99,4.15,337.27,15.12,8/12/2023,6.3,61,753.9
93,Chardonnay,Rioja,2.94,22.15,3.09,169.71,17.18,8/4/2023,11,43.5,613.6
94,Syrah,Loire Valley,2.52,20.25,3.53,301.94,23.93,8/1/2023,6.7,52.5,276.3
95,Syrah,Sonoma,1.58,14.61,3.2,106.56,14.98,8/14/2023,6.3,38.2,414
96,Syrah,Sonoma,2.01,13.53,3.91,251.74,16.98,8/29/2023,8.6,59.7,555.5
97,Chardonnay,Sonoma,2.1,14.41,3.61,343.1,10.21,8/21/2023,11.1,32.1,701.3
98,Pinot Noir,Barossa Valley,1.52,13.73,3.69,80.57,11.22,8/5/2023,7.6,64.1,226.2
99,Syrah,Barossa Valley,2.51,25.59,3.92,52.5,13.88,9/3/2023,8.5,37.9,342
100,Sauvignon Blanc,Bordeaux,1.44,17,,180.07,10.42,9/4/2023,6.2,65,733.8
101,Riesling,Bordeaux,2.01,11.16,4.08,77.79,19.47,8/27/2023,8.7,44.1,205.5
102,Chardonnay,Sonoma,3.16,29.38,3.55,274.52,16.4,8/17/2023,9.5,58.9,320.8
103,Chardonnay,Tuscany,3.06,27.68,3.02,324.36,18.22,9/15/2023,9.4,42.8,775.4
104,Pinot Noir,Napa Valley,2.55,28.56,3.77,180.21,12.62,8/29/2023,8,66.2,568
105,Chardonnay,Barossa Valley,2.7,29.9,3.91,127.61,14.44,9/3/2023,7.9,35.1,357
106,Chardonnay,Tuscany,1.91,13.48,3.24,180.32,19.96,9/4/2023,6.6,37.1,240.2
107,Syrah,Mendoza,2.52,17.92,4,267.03,24.48,9/18/2023,8.2,49.7,216.9
108,Pinot Noir,Barossa Valley,1.92,25.16,4.07,52.72,10.76,9/27/2023,6.6,33.3,346.8
109,Syrah,Barossa Valley,3.32,23.92,3.19,226.84,23.36,8/28/2023,10.6,37.8,728.9
110,Riesling,Bordeaux,2.56,13.08,4.18,233.99,18.65,8/5/2023,11.8,67.8,449.5
111,Zinfandel,Napa Valley,3.38,26.32,3,241.31,18.46,8/16/2023,11.8,69.1,632.2
112,Riesling,Napa Valley,2.53,14.49,3.08,122.61,17.5,8/2/2023,11.2,45.1,751
113,Zinfandel,Rioja,1.83,14.48,3.06,264.22,11.04,8/6/2023,9.6,66.9,444.8
114,Syrah,Loire Valley,2.3,20.74,4.05,77.42,11.35,9/14/2023,10.2,51.8,314.8
115,Riesling,Loire Valley,2.54,21.86,3.72,109.78,19.01,8/20/2023,7.7,40.8,510.3
116,Pinot Noir,Loire Valley,2.55,21.6,3.01,313.24,15.11,9/9/2023,9.8,58.1,744.9
117,Cabernet Sauvignon,Loire Valley,2.34,11.83,3.42,271.62,23.76,9/5/2023,8.7,56.4,682.6
118,Syrah,Mendoza,2.9,27.55,3.66,54.12,16.1,9/23/2023,8.9,69.6,239.5
119,Zinfandel,Mendoza,2.07,15.31,2.92,124.51,12.15,8/18/2023,10.5,40.6,615.5
120,Sauvignon Blanc,Barossa Valley,2.02,12.59,4.04,114.32,20.72,9/13/2023,7.7,56.9,543.1
121,Zinfandel,Sonoma,2.57,27.77,3.93,131.24,14.4,8/16/2023,7.9,32.1,744.5
122,Sauvignon Blanc,Bordeaux,3.59,29.11,3.51,124.27,17.88,9/27/2023,11.5,34.5,273.5
123,Chardonnay,Bordeaux,2.62,27.24,4.15,68.76,20.47,9/24/2023,6.3,30.2,520.4
124,Riesling,Loire Valley,3.22,26.19,3.38,187.68,23.5,9/24/2023,8.9,70,727.7
125,Sauvignon Blanc,Barossa Valley,3.32,23.1,4.18,269.82,21.88,8/7/2023,11.5,62.1,446
126,Zinfandel,Rioja,2.89,21.02,3.74,232.02,20.15,9/22/2023,9.7,61.5,489.2
127,Chardonnay,Tuscany,2.29,11.74,3.69,251.86,20.19,9/16/2023,9.3,50.4,242.3
128,Cabernet Sauvignon,Sonoma,2.42,18.17,3.03,74.34,24.19,9/13/2023,7.5,42,366.9
129,Pinot Noir,Barossa Valley,1.96,17.45,4.03,335.45,14.44,9/17/2023,8.1,36.1,394.7
130,Pinot Noir,Sonoma,2.14,15.2,3.4,301.55,10.02,9/5/2023,11.1,41.4,767.1
131,Pinot Noir,Sonoma,2.59,24.47,3.03,291.53,14.08,8/2/2023,9.4,45,369.6
132,Sauvignon Blanc,Sonoma,2.16,19.92,2.82,296.9,13.27,9/2/2023,9.1,60.3,476.5
133,Cabernet Sauvignon,Barossa Valley,1.84,11.62,3.58,329.81,19.93,8/1/2023,6.6,51.6,602.8
134,Sauvignon Blanc,Loire Valley,1.9,14.4,3.54,213.28,19.51,8/8/2023,6.1,33.1,297.3
135,Riesling,Bordeaux,3.3,23.67,3.81,110.08,18.9,8/21/2023,11.8,30.7,491.9
136,Sauvignon Blanc,Bordeaux,1.35,11.52,4.05,235.04,10.24,9/30/2023,8.3,34.1,643.1
137,Cabernet Sauvignon,Loire Valley,3.2,27.02,2.91,272.86,20.93,9/13/2023,9.6,46.4,720.1
138,Cabernet Sauvignon,Sonoma,1.92,19.9,3.82,271.38,14.85,9/17/2023,6.5,67.3,575.8
139,Riesling,Tuscany,2.82,19.61,3.06,206.43,19.98,9/27/2023,10.1,55.5,601.4
140,Cabernet Sauvignon,Napa Valley,3.08,21.85,4,70.54,18.35,8/30/2023,11.6,62.1,275.8
141,Zinfandel,Barossa Valley,2.8,26.49,3.95,161.33,15.14,9/17/2023,9.5,48.7,767.5
142,Cabernet Sauvignon,Napa Valley,1.67,16.96,3.56,326.23,12.02,9/26/2023,6.8,44.5,279.5
143,Pinot Noir,Rioja,2.42,23.56,3.79,225.33,11.42,8/20/2023,9.5,34.3,664.8
144,Zinfandel,Loire Valley,3.18,21.31,3.24,211.5,22.47,9/16/2023,10.6,65,358.9
145,Zinfandel,Tuscany,2.51,15.34,3.46,130.66,23.78,9/1/2023,8.4,61.3,760.2
146,Riesling,Barossa Valley,3.48,27.57,3.95,160.53,19.75,9/18/2023,11.3,36.7,632
147,Merlot,Loire Valley,2.7,25.95,3.44,318.6,11.55,8/20/2023,9.9,50.5,652.3
148,Merlot,Sonoma,3.04,23.17,3.3,249.94,16.03,8/1/2023,11.4,49.5,331.4
149,Cabernet Sauvignon,Bordeaux,3.36,27.01,3.49,286.22,20.93,8/3/2023,9.7,55,465.8
150,Zinfandel,Napa Valley,2.84,27.35,,186.3,21.7,9/4/2023,6.8,67.8,570.7
151,Merlot,Mendoza,2.23,24.17,3.27,239.07,11.77,8/18/2023,7.9,53.2,662
152,Merlot,Mendoza,2.09,26.74,3.04,124.52,10,8/20/2023,7.2,51.6,262.4
153,Cabernet Sauvignon,Tuscany,3.39,23.95,3.8,261.64,20.68,8/17/2023,11.5,32,777.4
154,Merlot,Sonoma,2.82,23.6,3.96,178.28,15.35,8/11/2023,10.6,32.5,734.1
155,Sauvignon Blanc,Rioja,2.54,22.37,2.94,182.76,13.82,9/19/2023,10.1,37.5,362.2
156,Chardonnay,Napa Valley,2.13,25.05,3.14,244.8,10.19,9/7/2023,7.8,31.3,693.7
157,Riesling,Sonoma,1.79,13.17,3,330.88,18.1,8/21/2023,7.1,59.7,511
158,Chardonnay,Napa Valley,3.55,27.62,3.29,69.2,22.77,8/10/2023,10.5,58.9,477.1
159,Cabernet Sauvignon,Tuscany,3.3,27.44,3.43,297.42,24.36,9/11/2023,8.8,35.4,388.7
160,Pinot Noir,Tuscany,1.75,10.58,3.85,137.71,18.49,9/3/2023,7.4,63.4,548.6
161,Riesling,Rioja,3.07,26.52,3.71,183.18,17.72,8/20/2023,9.7,36.2,637.9
162,Cabernet Sauvignon,Mendoza,1.23,12.58,3.67,56.57,11.28,9/22/2023,6.2,42,446.6
163,Zinfandel,Sonoma,2.23,16.7,3.29,140.31,18.23,8/30/2023,8,40,577.5
164,Pinot Noir,Barossa Valley,2.62,24.87,3.98,200.79,15.7,8/9/2023,8.8,44.9,619.6
165,Chardonnay,Mendoza,1.94,13.22,3.46,66.85,19.11,9/22/2023,6.9,40.2,626.7
166,Cabernet Sauvignon,Sonoma,3.19,26.36,4.17,197.33,15.83,9/18/2023,11.9,49.6,231.2
167,Zinfandel,Mendoza,2.41,26.64,3.69,328.13,13.6,9/4/2023,7.3,46.3,715.8
168,Riesling,Barossa Valley,1.71,20.15,2.98,81.62,11.42,8/29/2023,6.8,69.5,475
169,Riesling,Bordeaux,1.46,10.13,3.75,279.33,14.72,8/18/2023,7.2,32.2,357.4
170,Syrah,Bordeaux,2.15,15.74,3.26,172.9,11.45,8/19/2023,10.6,35.7,345.1
171,Zinfandel,Rioja,2.29,22.34,3.76,246.55,12.65,9/18/2023,8.6,32.1,489.8
172,Sauvignon Blanc,Bordeaux,3.39,29.62,2.9,128.07,24.81,9/21/2023,9.4,55,732.1
173,Merlot,Bordeaux,2.1,22.64,3.04,97.85,16.66,8/22/2023,6.1,32.2,427
174,Pinot Noir,Loire Valley,1.75,15.2,4,98.14,17.98,9/1/2023,6.2,63.5,649.8
175,Zinfandel,Napa Valley,2.92,22.68,3.12,71.15,23.1,9/9/2023,8.7,50.5,258.1
176,Syrah,Loire Valley,3.15,20.8,3.97,105.69,24.93,9/29/2023,10.9,51.1,485.6
177,Merlot,Loire Valley,3.32,25.6,3.19,249.27,18.74,8/28/2023,11.3,52.5,795
178,Merlot,Rioja,1.96,12.14,3.7,314.51,22.19,9/13/2023,6.5,36.8,662.3
179,Cabernet Sauvignon,Loire Valley,2.71,25.22,3.77,294.24,14.9,9/4/2023,9.2,37.9,326.3
180,Merlot,Bordeaux,2.87,20.83,3.52,255.54,14.59,9/28/2023,11.5,42.8,500.9
181,Sauvignon Blanc,Barossa Valley,2.87,29.26,3.23,83.13,16.04,8/13/2023,8.3,53.7,340.2
182,Riesling,Rioja,2.82,16.84,3.1,136.76,20.09,9/2/2023,11,38.4,445.7
183,Syrah,Rioja,2.41,22.65,2.85,142.94,20.23,8/25/2023,6.8,34.7,668.1
184,Merlot,Tuscany,3.3,28.64,3.23,124.99,14.73,8/15/2023,11.6,68.8,662.7
185,Cabernet Sauvignon,Rioja,1.95,12.05,3.71,204.5,12,9/30/2023,10.5,30.9,336.9
186,Sauvignon Blanc,Tuscany,3.54,28.74,4.11,210.67,19.49,9/25/2023,11.6,62.1,753.3
187,Chardonnay,Rioja,2.51,23.76,4.02,157.07,11.92,8/23/2023,10.1,61.5,555.5
188,Riesling,Napa Valley,1.93,11.36,3.87,156.14,18.68,8/28/2023,8.2,41.9,428
189,Riesling,Bordeaux,2.89,16.02,3.9,298.57,20.4,8/8/2023,11.6,35.4,501.2
190,Syrah,Rioja,2.78,24.16,3.73,286.79,20.51,9/26/2023,7.7,35.8,563
191,Riesling,Bordeaux,2.08,11.35,3.16,142.34,21.3,8/27/2023,8,57.9,535.9
192,Merlot,Bordeaux,3.06,21.64,4.07,324.14,23.09,9/28/2023,10.2,55.7,491.8
193,Cabernet Sauvignon,Mendoza,2.62,16.92,3.74,335.84,17.5,9/3/2023,10.6,61.3,503
194,Riesling,Rioja,3.39,22.42,3.58,148.02,20.95,9/10/2023,11.6,67.5,305.8
195,Riesling,Sonoma,1.74,10.91,2.96,156.33,19.29,9/13/2023,7.2,57.7,687.6
196,Chardonnay,Mendoza,3.01,27.43,3.43,201.69,12.8,9/2/2023,10.8,36.2,525.1
197,Chardonnay,Sonoma,2.91,29.47,3.44,332.34,10.39,8/1/2023,10.4,39.7,278.6
198,Pinot Noir,Bordeaux,2.39,29.38,4.01,312.9,14.27,8/21/2023,6.4,63.7,659.7
199,Sauvignon Blanc,Bordeaux,2.71,24.99,3.57,80.77,16.65,9/11/2023,8.3,38.4,759.5
200,Merlot,Mendoza,2.01,12.6,,167.82,19.26,9/14/2023,7.7,32.9,768.4
201,Riesling,Mendoza,2.84,25.17,4.17,216.01,22.75,8/2/2023,7.8,58.1,421.4
202,Zinfandel,Sonoma,2.07,10.49,2.96,200.94,12.94,8/11/2023,11.9,46.1,281.3
203,Riesling,Tuscany,1.77,10.44,3.39,108.16,11.88,8/2/2023,9.9,66.8,511
204,Cabernet Sauvignon,Sonoma,2.74,16.47,2.86,307.65,24.45,8/25/2023,10.3,56,267.6
205,Pinot Noir,Mendoza,2.59,19.77,3.84,253.08,11.62,9/3/2023,11.9,33.6,760.4
206,Sauvignon Blanc,Barossa Valley,2.64,25.41,4.09,301.37,17.18,9/29/2023,8.3,67.9,310.1
207,Zinfandel,Mendoza,3.13,23.67,3.19,307.63,18.78,9/15/2023,10.8,40.3,351.7
208,Pinot Noir,Barossa Valley,2.38,18.92,4,274.51,18.12,8/4/2023,8.6,43.5,444
209,Syrah,Napa Valley,2.21,15.47,3.21,181.76,11.29,9/19/2023,11.2,46.1,429.9
210,Sauvignon Blanc,Mendoza,2.29,29.94,4.08,233.16,10.86,9/6/2023,7.1,32,676.8
211,Riesling,Napa Valley,2.48,18.52,3.86,98.11,11.58,9/6/2023,11.7,49.9,473.8
212,Riesling,Tuscany,2.24,19.03,3.93,252.09,18.78,8/17/2023,7.3,34.9,302.5
213,Sauvignon Blanc,Sonoma,1.91,13.27,2.83,103.78,18.17,8/5/2023,8,46,360.3
214,Riesling,Barossa Valley,2.78,25.9,4.15,258.18,13.51,8/19/2023,10.5,44,505.5
215,Merlot,Sonoma,2.79,23.87,3.82,118.88,19.57,8/17/2023,8.4,60.9,288.5
216,Sauvignon Blanc,Napa Valley,2.6,14.42,3.23,85.27,22.3,8/9/2023,9.6,62.1,567
217,Pinot Noir,Barossa Valley,1.48,11.65,3.96,99.59,10.62,8/14/2023,8.7,36.1,539.4
218,Sauvignon Blanc,Sonoma,2.99,23.61,3.19,50.6,17.47,9/7/2023,10.5,44.7,628.8
219,Zinfandel,Mendoza,2.58,23.09,4.02,265.62,20.34,9/9/2023,7.4,44.9,762.6
220,Riesling,Bordeaux,1.51,15.47,2.96,269.72,13.78,9/7/2023,6.4,36.1,747.4
221,Merlot,Napa Valley,2.68,29.02,3.79,204.48,14.62,9/27/2023,7.8,61.9,767.6
222,Merlot,Sonoma,2.25,13.02,3.56,98.41,19.2,9/5/2023,8.8,58.3,346.8
223,Syrah,Napa Valley,2.35,18.65,2.94,75.07,23.47,8/21/2023,7,37.6,278.9
224,Pinot Noir,Loire Valley,3.19,28.87,3.14,55.74,22.15,9/22/2023,8.1,44.7,381.4
225,Chardonnay,Napa Valley,2.32,18.39,2.82,99.72,18.75,8/21/2023,8.4,34.2,737.1
226,Chardonnay,Barossa Valley,2.54,22.77,3.46,317.26,20.95,8/14/2023,6.3,55.1,783.2
227,Sauvignon Blanc,Loire Valley,2.36,17.95,3.22,122.46,15.47,9/29/2023,9.5,34.9,715.6
228,Syrah,Rioja,2.82,15.48,3.64,156.28,19.61,9/3/2023,11.3,69.4,266
229,Cabernet Sauvignon,Barossa Valley,2.73,29.68,3.22,81.6,16.99,8/25/2023,6.9,61.2,768.5
230,Sauvignon Blanc,Bordeaux,2.21,18.19,3.22,116.71,12.85,8/23/2023,9.6,45.6,454
231,Syrah,Loire Valley,3.36,27.88,3.84,205.77,20.53,9/5/2023,10,53.1,205.6
232,Pinot Noir,Rioja,2.09,14.6,2.87,232.33,18.35,9/7/2023,8.5,66.5,465.4
233,Pinot Noir,Mendoza,2.17,14.26,4.06,123.61,15.38,9/6/2023,10.2,52.2,227.6
234,Pinot Noir,Napa Valley,2.13,10.62,3.99,67.32,23.67,8/16/2023,8.5,37,526.3
235,Pinot Noir,Sonoma,2.24,23.03,3.73,167.31,10.31,8/7/2023,9,45.1,403.1
236,Pinot Noir,Tuscany,1.73,17.37,3.63,120.26,14.74,9/24/2023,6,63.7,484.1
237,Syrah,Napa Valley,2.66,27.29,4.05,115.87,10.85,8/11/2023,10.2,55.8,567.9
238,Syrah,Rioja,2.89,19.46,3.06,337.96,21.5,9/13/2023,10,56,721.3
239,Merlot,Napa Valley,2.75,29.36,2.91,234.89,20.53,9/30/2023,6.2,64.7,597.1
240,Zinfandel,Bordeaux,1.83,13.71,3.14,217.06,14.97,9/1/2023,8.2,65.8,460.4
241,Chardonnay,Mendoza,3.6,27.37,3.91,174.73,20.13,9/4/2023,11.9,66.8,691.7
242,Riesling,Tuscany,2.58,25.53,2.85,178.68,15.94,8/27/2023,8.5,33.8,743.3
243,Pinot Noir,Loire Valley,3.15,25.42,3.62,212.27,21.34,9/11/2023,9,51.8,271.9
244,Cabernet Sauvignon,Loire Valley,3.21,26.9,4.19,258.93,16.81,9/30/2023,11.5,59.6,519.2
245,Riesling,Loire Valley,2.92,25.22,4,260.64,16.18,9/25/2023,10.3,60.3,370.7
246,Syrah,Rioja,3.13,22.52,3.53,101.51,24.02,9/8/2023,9.5,54.3,228.2
247,Cabernet Sauvignon,Barossa Valley,2.06,12.62,2.89,200.03,13.76,8/11/2023,10.8,36.7,601.1
248,Cabernet Sauvignon,Barossa Valley,1.91,10.65,3.96,173.59,11.81,9/11/2023,11.2,61.9,717.7
249,Cabernet Sauvignon,Sonoma,3.1,28.42,3.64,311.16,18.77,8/20/2023,8.7,58.8,297.7
250,Merlot,Tuscany,2.89,22.33,2.96,239.43,24.54,8/26/2023,8.9,33.4,687.4
251,Syrah,Loire Valley,2.57,25.93,2.93,209.75,15.67,9/30/2023,8.3,48.6,712
252,Cabernet Sauvignon,Barossa Valley,2.46,19.63,4.07,84.62,10.93,8/2/2023,11.8,37,748.6
253,Pinot Noir,Rioja,2.12,12.35,3.74,231.69,15.09,8/12/2023,10.2,43.5,359.2
254,Sauvignon Blanc,Sonoma,1.62,12.5,3.96,85.16,17.59,9/11/2023,6.5,30.7,742.4
255,Cabernet Sauvignon,Mendoza,2.72,23.71,4.03,151.16,12.43,8/26/2023,11.2,46,392.4
256,Merlot,Sonoma,2.63,18.61,3.6,92.85,19.87,8/19/2023,8.9,52,531.4
257,Riesling,Barossa Valley,2.1,14.01,3.52,257.62,24.97,8/10/2023,6.4,54.8,230.3
258,Syrah,Bordeaux,2.57,19.83,3.4,111.88,16.78,8/24/2023,9.3,56.5,226.3
259,Zinfandel,Rioja,1.78,11.28,3.24,167.56,15.32,8/19/2023,8.5,63.5,632.2
260,Merlot,Bordeaux,2.96,21.64,3.41,318.7,16.01,9/14/2023,11.3,38.6,466.7
261,Cabernet Sauvignon,Loire Valley,1.54,15.38,3.88,111.29,11.73,9/15/2023,7.2,34.8,353.8
262,Syrah,Bordeaux,3.56,25.95,3.64,202.34,23.25,9/28/2023,11,64.1,314.2
263,Sauvignon Blanc,Loire Valley,2.2,16.21,4.05,175.78,16.22,8/6/2023,9.3,36.3,602
264,Cabernet Sauvignon,Loire Valley,1.96,19.1,3.42,55.44,15.81,9/17/2023,6.3,69,200.2
265,Merlot,Barossa Valley,2.6,10.23,3.65,287.83,19.9,8/8/2023,11.8,63.7,683.5
266,Chardonnay,Bordeaux,2,11.45,3.68,70.71,16.63,8/27/2023,9.1,50,247.5
267,Pinot Noir,Loire Valley,2.37,17.85,3.63,192.28,19.72,9/13/2023,7.7,69.3,314.9
268,Zinfandel,Tuscany,2.03,19.6,3.78,218.2,10.92,9/10/2023,8.8,33.9,431.7
269,Riesling,Mendoza,3.28,22,3.13,238.53,22.21,9/14/2023,11.1,42.1,490.9
270,Merlot,Sonoma,2.44,15.83,3.52,256.59,24.11,8/10/2023,7.8,55.5,413
271,Syrah,Sonoma,2.55,23.9,2.95,125.98,19.73,8/5/2023,7.2,44,392.4
272,Zinfandel,Barossa Valley,2.93,27.2,3.34,52.99,24.32,9/21/2023,6.8,67.1,778.3
273,Zinfandel,Bordeaux,2.38,25.6,3.48,267.03,12.27,8/25/2023,7.8,32.6,584.9
274,Zinfandel,Bordeaux,2.26,10.79,3.71,210.7,17.16,8/25/2023,10.7,52,214.1
275,Cabernet Sauvignon,Loire Valley,2.49,19.61,4.13,300.84,19.03,8/28/2023,8.8,53.6,458.1
276,Pinot Noir,Rioja,1.91,12.1,3.64,296.42,18.73,9/3/2023,7.4,56.1,725
277,Cabernet Sauvignon,Napa Valley,1.77,14.84,3.84,303,16.02,9/15/2023,7,40.2,380.9
278,Syrah,Loire Valley,2.85,29.73,3.51,195.53,15.07,8/18/2023,8,44.6,256.7
279,Cabernet Sauvignon,Mendoza,2.18,12.85,3.69,150.09,11.9,9/27/2023,11.6,63.7,655
280,Chardonnay,Tuscany,2.19,19.98,2.9,287.47,15.88,9/7/2023,8.1,37.8,563.6
281,Pinot Noir,Sonoma,2.8,22.36,3.16,185.39,12.44,9/22/2023,11.9,63.1,542.2
282,Pinot Noir,Loire Valley,3.01,24.05,3.31,105.03,21.02,8/23/2023,8.9,52.5,232.1
283,Syrah,Napa Valley,2.05,21.19,3.46,306.49,13.13,9/15/2023,7.1,60.5,284.3
284,Riesling,Napa Valley,1.79,10.2,2.86,314.77,10.88,9/24/2023,11.3,58.5,573.5
285,Chardonnay,Loire Valley,2.29,16.53,3,189.89,18.29,9/7/2023,8.8,38.3,324.7
286,Merlot,Barossa Valley,2.86,20.35,3.19,72.71,18.93,9/1/2023,10.3,52.8,502.4
287,Cabernet Sauvignon,Sonoma,2.72,11.76,4.16,166.35,23.08,9/27/2023,11.9,64.7,526.9
288,Sauvignon Blanc,Barossa Valley,1.99,17.01,3.26,291.06,18.65,8/27/2023,6.3,47.3,370.1
289,Cabernet Sauvignon,Tuscany,1.48,10.66,3.47,320.53,15.18,9/28/2023,6.6,68.7,769.1
290,Zinfandel,Napa Valley,2.5,11.57,3.07,111.04,22.05,9/3/2023,10.3,48.1,705.5
291,Cabernet Sauvignon,Napa Valley,2.26,17.94,3.66,70.09,18.1,8/2/2023,7.7,35.7,633.4
292,Merlot,Mendoza,1.34,12.65,3.19,313.21,11.19,8/9/2023,7.1,45.6,246.8
293,Cabernet Sauvignon,Tuscany,2.18,21.35,3.09,166.82,18.49,8/28/2023,6.2,68.1,263.7
294,Chardonnay,Napa Valley,2.64,23.79,3.52,212.53,23.62,8/17/2023,6.1,42.8,495.7
295,Chardonnay,Tuscany,2.95,26.01,2.81,340.42,15.94,8/4/2023,10.6,64.7,296.4
296,Pinot Noir,Sonoma,1.5,14,2.81,69.97,14.44,8/5/2023,6.8,65.3,787
297,Syrah,Bordeaux,1.71,13.35,3.11,244.5,12.15,8/5/2023,8.8,44,295.1
298,Riesling,Napa Valley,1.71,12.09,2.85,72.23,12.27,9/26/2023,9.6,33.3,492.5
299,Sauvignon Blanc,Mendoza,2.49,22.73,2.95,162.64,16.49,9/5/2023,8.6,59,418.5
300,Zinfandel,Sonoma,2.42,24.13,,291.14,18.94,9/18/2023,6.2,42.5,583.6
301,Cabernet Sauvignon,Loire Valley,1.8,10.63,3.92,180.04,11.21,9/18/2023,10.7,61.3,277.4
302,Cabernet Sauvignon,Tuscany,2.91,28.72,3.6,349.15,24.09,8/10/2023,6.1,47.7,458.2
303,Merlot,Loire Valley,2.58,11.04,3.52,217.72,21.33,9/8/2023,10.6,49.4,364.8
304,Syrah,Barossa Valley,3.06,20.83,3.21,146.35,18.8,8/26/2023,11.4,61.1,732.7
305,Chardonnay,Sonoma,2.93,24.18,4.1,116.03,22.43,9/22/2023,8.6,45.3,224.4
306,Sauvignon Blanc,Loire Valley,2.62,27.42,3.36,155.16,11.2,8/21/2023,9.2,47.7,748.2
307,Pinot Noir,Rioja,2.67,24.28,2.92,161.76,17.15,9/20/2023,8.9,45,699.8
308,Chardonnay,Rioja,2.94,26.03,3.66,70.61,19.45,8/20/2023,8.3,44.7,378.5
309,Zinfandel,Napa Valley,2.96,16.79,2.96,160.87,22.43,9/27/2023,11.3,51,673.6
310,Syrah,Tuscany,3.61,26.3,3.28,189.27,21.75,9/3/2023,11.4,62.4,218.7
311,Zinfandel,Bordeaux,1.7,11.6,3.51,266.82,14.16,9/21/2023,8,44.5,780.1
312,Riesling,Sonoma,3.36,27.9,4.02,247.02,24.11,8/20/2023,9.7,51,516
313,Pinot Noir,Napa Valley,2.71,20.95,3.49,262.63,11.87,9/13/2023,11.6,56.8,382
314,Riesling,Mendoza,3.68,26.35,3.78,52.51,23.13,9/11/2023,11.8,40.8,417.5
315,Merlot,Barossa Valley,2.69,19.05,4.19,115.3,24.56,8/27/2023,9.1,41.1,239.8
316,Zinfandel,Tuscany,2.27,22.87,2.98,248.51,12.66,8/25/2023,8.7,67.3,793.6
317,Merlot,Sonoma,2.56,20.53,3.18,195.2,20.83,9/27/2023,7.7,58.9,223.6
318,Cabernet Sauvignon,Rioja,2.85,24.63,3.35,51.59,10.6,9/16/2023,11.8,53.1,592.9
319,Riesling,Sonoma,1.63,11.63,3.39,291.35,16.08,9/20/2023,6.9,55.9,465.6
320,Syrah,Bordeaux,2.14,11.21,3.38,281.84,17.74,8/30/2023,9.5,31.2,769.3
321,Zinfandel,Rioja,2.02,14.94,4.07,214.53,18.71,8/16/2023,7.7,54.7,347.6
322,Sauvignon Blanc,Bordeaux,2.2,13.19,3.8,69.94,24.04,8/30/2023,7.7,50.4,519.3
323,Pinot Noir,Mendoza,3.08,27.44,3.65,279.95,20.08,8/11/2023,8.4,51.8,489.4
324,Chardonnay,Barossa Valley,2.68,14.38,3.23,225.11,17.22,9/28/2023,12,44.4,621.7
325,Syrah,Mendoza,2.91,29.52,3.95,284.59,22.15,8/20/2023,6.3,33.3,240.8
326,Syrah,Napa Valley,2.63,16.74,4.14,275.52,24.26,9/8/2023,9.5,37.7,316.3
327,Merlot,Napa Valley,1.21,13.64,3.95,290.9,10.33,8/5/2023,6.5,68,328.7
328,Riesling,Mendoza,2.72,25.79,2.8,205.4,24.74,8/4/2023,6.9,46.3,642.9
329,Zinfandel,Barossa Valley,2.26,23.17,3.69,92.1,11.29,8/17/2023,8.6,48.7,313.5
330,Zinfandel,Mendoza,2.76,19.96,2.87,251.35,22.22,8/26/2023,9.1,32.1,544.1
331,Cabernet Sauvignon,Barossa Valley,2.13,21.11,3.16,236.14,14.21,9/21/2023,7.6,31.5,329.1
332,Cabernet Sauvignon,Barossa Valley,2.16,24.38,2.88,272.68,11.98,9/13/2023,7.9,58.7,717
333,Pinot Noir,Loire Valley,1.76,14.57,3.65,100.96,16.6,8/22/2023,6.5,51.5,765.3
334,Merlot,Rioja,3.07,29.93,3.76,108.49,19.66,8/1/2023,7.8,50.3,511.1
335,Syrah,Tuscany,3.38,29.5,2.96,317.12,15.71,9/14/2023,11.8,39.7,411.4
336,Zinfandel,Barossa Valley,2.75,23.01,3.34,274.99,10.82,9/21/2023,11.7,59.8,340.4
337,Sauvignon Blanc,Bordeaux,2.16,13.99,3.44,322.47,18.99,9/16/2023,8,36.7,229.9
338,Merlot,Barossa Valley,3.14,23.6,3.32,277.61,23.54,8/22/2023,9.4,37.6,361.1
339,Pinot Noir,Barossa Valley,2.25,11.44,2.97,229.15,15.75,8/16/2023,11.5,48.4,592.5
340,Pinot Noir,Barossa Valley,1.23,10.61,3.39,246.24,13.24,9/24/2023,6,41.5,520.2
341,Merlot,Loire Valley,2.48,15.15,3.85,316.74,16.64,9/20/2023,10.9,39.9,766.4
342,Pinot Noir,Rioja,2.4,19.25,2.9,223.64,10.73,9/11/2023,11.7,55.8,437.8
343,Merlot,Loire Valley,2.78,27.37,2.91,239.72,22.31,9/12/2023,6.5,56,616.3
344,Chardonnay,Napa Valley,2.79,24.54,3.3,96.94,22.4,9/11/2023,7,63,493.6
345,Merlot,Loire Valley,3.29,24.85,4.12,192.18,18.82,9/30/2023,11.8,46.7,507.5
346,Riesling,Bordeaux,2.34,18.51,3.74,264.92,15.3,9/6/2023,9.2,32.9,360.7
347,Merlot,Bordeaux,2.17,16.92,3.75,131.28,22,8/26/2023,6.1,40.9,473
348,Pinot Noir,Loire Valley,2.2,17.42,3.31,110.68,18.32,8/22/2023,7.5,69.2,482.5
349,Zinfandel,Rioja,3.4,29.75,3.63,144.15,22.39,9/5/2023,8.7,53.9,624
350,Riesling,Mendoza,2.21,10.8,2.81,122.45,19.47,9/4/2023,10.2,58.4,764.4
351,Pinot Noir,Tuscany,3.51,27.34,3.69,114.47,21.77,8/4/2023,10.4,30.3,397.6
352,Cabernet Sauvignon,Rioja,3.15,21.57,4.08,177.46,18.98,9/25/2023,12,50.7,225.3
353,Cabernet Sauvignon,Loire Valley,2.18,18.77,3.66,322.35,16.21,8/27/2023,7.7,31.5,497.8
354,Zinfandel,Barossa Valley,3.07,24.51,4.02,202.12,24.37,8/7/2023,9.2,52.8,526.7
355,Zinfandel,Sonoma,2.58,19.73,3.81,106.38,18.12,8/30/2023,9.2,66.8,301.1
356,Riesling,Tuscany,2.92,27.47,2.97,73.09,19.08,8/20/2023,8.4,68.7,656.3
357,Chardonnay,Tuscany,2.33,28.01,4.06,258.85,13.31,9/29/2023,7,51.6,791
358,Zinfandel,Bordeaux,2.96,18.43,2.89,164.84,19.38,9/20/2023,11.9,48.3,767.5
359,Cabernet Sauvignon,Tuscany,2.74,15.54,3.55,296.55,18.57,9/18/2023,11.1,67.8,318.3
360,Merlot,Loire Valley,2.27,21.85,3,247.85,12.77,9/21/2023,9,56.9,725.2
361,Pinot Noir,Barossa Valley,2.58,28.25,2.82,288.87,10.89,8/11/2023,9.6,32.6,622.7
362,Cabernet Sauvignon,Barossa Valley,2.06,14.21,3.39,131.58,19.07,8/30/2023,7.4,48.6,472.3
363,Cabernet Sauvignon,Napa Valley,2.99,22.46,3.21,257.71,21.46,9/11/2023,9.3,39.6,524.4
364,Chardonnay,Barossa Valley,2.98,22.63,3.48,129.22,17.85,8/29/2023,10.2,48.8,709.8
365,Riesling,Rioja,2.6,24.66,3.61,331.72,13.4,9/29/2023,9.1,48.2,488.1
366,Riesling,Barossa Valley,2.65,12.63,2.86,240.91,20,9/8/2023,11.9,53.3,423.9
367,Syrah,Bordeaux,2.42,24.32,2.97,147.35,11.2,8/24/2023,9.7,44.3,495.9
368,Chardonnay,Barossa Valley,2.88,28.18,3.58,130.85,16.63,8/5/2023,8.2,36.6,547.5
369,Merlot,Napa Valley,2.09,13.59,3.28,107.28,12.45,9/5/2023,10.6,50.1,313.4
370,Riesling,Sonoma,1.56,14.75,3.82,258.39,12.77,8/22/2023,7,63.2,740.5
371,Pinot Noir,Loire Valley,2.7,29.43,3.71,115.61,13.03,9/12/2023,8.3,56.6,604.5
372,Zinfandel,Bordeaux,1.83,13.62,3.98,228.59,15.8,8/29/2023,8.1,43.5,580
373,Chardonnay,Rioja,2.44,27.09,3.77,129.39,10.77,8/12/2023,8.6,67.4,259.7
374,Zinfandel,Sonoma,2.75,19.85,3.4,248.59,15.97,9/20/2023,10.7,66.5,562.5
375,Cabernet Sauvignon,Bordeaux,2.23,14.94,3.74,294.48,17.68,8/29/2023,8.9,38.4,272.6
376,Pinot Noir,Mendoza,3.25,27.41,3.19,283.41,17.25,9/22/2023,10.8,31.6,247.2
377,Pinot Noir,Tuscany,2.43,18.91,3.23,278.26,15.74,8/14/2023,9.5,59.7,516.4
378,Cabernet Sauvignon,Mendoza,2.67,20.3,3.9,106.32,22.59,8/14/2023,8.1,63.1,441.7
379,Chardonnay,Barossa Valley,2.37,17.18,3.42,76.52,12.18,8/21/2023,10.9,68.7,553.3
380,Cabernet Sauvignon,Sonoma,2.35,21.86,3.92,259.68,17.59,8/20/2023,7.4,65.6,253.5
381,Zinfandel,Barossa Valley,1.36,13.27,3.95,160.5,10.93,8/4/2023,7.3,54,458.6
382,Syrah,Tuscany,1.92,17.82,4,179.7,11.07,8/4/2023,9,51.2,304.9
383,Pinot Noir,Bordeaux,2.86,29.39,4.08,59.34,18.61,9/27/2023,7.6,31.1,792.3
384,Sauvignon Blanc,Tuscany,1.87,15.16,3.4,127.87,18.49,9/11/2023,6.1,39.9,536.7
385,Sauvignon Blanc,Napa Valley,3.18,23.13,3.25,60.1,23.17,9/26/2023,9.9,48.4,612.5
386,Zinfandel,Tuscany,2.43,16.5,3.62,313.76,18.37,8/6/2023,9.1,55.1,395.3
387,Merlot,Napa Valley,3.13,25.47,3.32,123.02,24.4,9/5/2023,8.7,52.3,256.8
388,Riesling,Tuscany,2.14,12.62,3.64,217.2,10.73,9/15/2023,11.8,59.7,785.5
389,Cabernet Sauvignon,Loire Valley,2.76,29.4,3.79,61.69,11.47,8/2/2023,9.4,41.2,371.8
390,Cabernet Sauvignon,Napa Valley,2.39,19.08,3.76,250.05,10.66,8/17/2023,11.2,52.6,454.3
391,Merlot,Sonoma,1.56,14.72,3.32,146.91,12.78,9/29/2023,6.8,33.5,589.9
392,Merlot,Barossa Valley,2.08,11.47,3.03,319.38,18.12,8/16/2023,9.4,46.5,214.8
393,Zinfandel,Rioja,2.69,13.4,3.4,316.44,19.68,8/24/2023,11.2,60,686.2
394,Zinfandel,Barossa Valley,2.13,20.4,3,147.59,10.68,9/7/2023,9.5,57.7,521.9
395,Merlot,Mendoza,2.78,16.74,4.05,320.29,24.19,9/5/2023,10.3,69.6,366.9
396,Pinot Noir,Barossa Valley,3.11,26.58,3.28,348.85,22.63,8/22/2023,8.2,41.1,237
397,Zinfandel,Bordeaux,1.79,18.62,3.02,297.62,14.45,9/26/2023,6.6,49.9,297.5
398,Syrah,Loire Valley,1.66,14.97,2.84,303.46,11.16,8/20/2023,8.7,43.2,737
399,Zinfandel,Tuscany,2.26,22.34,3.7,124.7,12.55,9/12/2023,8.4,47.6,611.6
400,Cabernet Sauvignon,Mendoza,2.79,24.14,3.69,223.01,11.9,8/3/2023,11.2,64.3,349.9
401,Zinfandel,Bordeaux,1.52,13.34,3.28,70.18,11.85,9/25/2023,7.5,57.4,239.4
402,Pinot Noir,Bordeaux,2.54,13.35,2.9,78.48,17.78,9/13/2023,11.8,65.3,614.4
403,Merlot,Napa Valley,2.21,10.73,3.37,349.67,13.69,8/4/2023,11.7,38.1,543.4
404,Cabernet Sauvignon,Barossa Valley,2.43,24.73,3.24,147.99,15.37,9/10/2023,7.5,64.9,442.7
405,Zinfandel,Sonoma,2.88,23.28,3.75,274.46,24.84,8/4/2023,8.1,32.4,418.2
406,Pinot Noir,Rioja,3.12,19.49,3.65,292,20.26,9/9/2023,11.4,65.5,330.1
407,Syrah,Sonoma,3.73,26.88,3.31,307.41,24.23,8/11/2023,11.8,43.2,601.8
408,Zinfandel,Mendoza,2.46,26.11,3.11,349.29,12.14,9/10/2023,8.7,42.6,782.4
409,Pinot Noir,Loire Valley,2.23,21.71,4.18,122.45,15.73,8/4/2023,7.9,50.5,305.4
410,Syrah,Sonoma,3.12,27.37,3.44,62.11,18.32,9/23/2023,9.2,67.6,558.3
411,Merlot,Tuscany,1.94,14.12,3.76,173.36,11.15,8/6/2023,10.1,31.9,454.5
412,Zinfandel,Sonoma,1.28,12.24,3,89.02,10.06,8/28/2023,7.6,44.1,468
413,Syrah,Mendoza,2.72,15.39,3.48,56.73,20.06,9/4/2023,10.4,64.3,352.5
414,Cabernet Sauvignon,Rioja,1.6,11.14,2.84,158.13,19.63,9/9/2023,6.3,45.8,695.1
415,Merlot,Sonoma,2.1,20.62,3.51,285.12,16.16,8/4/2023,6.3,38,491.2
416,Cabernet Sauvignon,Tuscany,2.83,28.73,4.15,219.85,17.34,8/8/2023,8.3,47,526
417,Sauvignon Blanc,Napa Valley,1.77,10.79,3.34,143.83,16.23,9/2/2023,8.1,45.4,382.9
418,Chardonnay,Loire Valley,1.32,12.44,2.85,246.3,10.36,8/23/2023,7.9,66.6,309.1
419,Zinfandel,Mendoza,2.2,19.04,2.84,119.61,15.03,9/16/2023,8.9,60.5,251.5
420,Syrah,Napa Valley,2.57,28.68,3.34,54.31,12.66,9/6/2023,7.9,50.2,628.5
421,Chardonnay,Napa Valley,1.56,16.32,3.02,279.31,11.48,9/19/2023,7.2,69.5,317.7
422,Chardonnay,Napa Valley,2.56,20.14,2.83,237.12,24.35,9/4/2023,7.9,48.6,614
423,Syrah,Bordeaux,2.53,10.83,3.86,278.69,18.99,8/18/2023,11.8,32.3,434.2
424,Merlot,Loire Valley,2.31,12.97,3.44,61.68,20.93,9/29/2023,8.5,40.5,449.5
425,Zinfandel,Rioja,2.87,29.73,3.2,301.14,14.73,9/16/2023,8.7,47.4,481.5
426,Sauvignon Blanc,Barossa Valley,2.99,29.3,4.06,235.86,15.9,8/2/2023,9.5,36.3,420.6
427,Cabernet Sauvignon,Loire Valley,2.09,10.1,2.96,219.02,13.55,8/20/2023,11.9,67.9,260.4
428,Pinot Noir,Bordeaux,2.31,29.04,4.14,237.38,11.45,9/13/2023,7.4,60.7,385.8
429,Cabernet Sauvignon,Barossa Valley,2.56,22.78,3.24,309.33,12.69,8/20/2023,10.1,40.7,598.2
430,Pinot Noir,Loire Valley,3.42,27.36,4.04,226.08,21.96,9/5/2023,10.3,53.6,599.5
431,Cabernet Sauvignon,Napa Valley,2.79,19.09,3.64,224.29,20.16,9/20/2023,9.6,58.9,371.7
432,Syrah,Mendoza,2.13,20.31,3.96,347.2,18.2,8/7/2023,6.5,67.7,476.1
433,Sauvignon Blanc,Barossa Valley,2.58,19.78,4.18,277.02,17.13,8/2/2023,10.1,65.3,316.1
434,Zinfandel,Tuscany,2.59,23.34,3.2,182.69,23.84,8/7/2023,6.4,50.6,326.2
435,Pinot Noir,Tuscany,1.68,12.79,4.15,262.22,11.09,9/19/2023,9.6,61,213.8
436,Zinfandel,Sonoma,2.01,10.6,3.35,166.77,14.21,9/14/2023,10.4,52.5,738
437,Zinfandel,Barossa Valley,1.9,16.16,3.34,118.66,15.25,9/29/2023,7.3,52.1,326.4
438,Zinfandel,Mendoza,3.41,24.09,3.28,229.06,21.74,9/10/2023,11,34.6,336.5
439,Riesling,Rioja,2.06,14.04,3.56,328.45,24.89,8/18/2023,6.2,35,367.8
440,Merlot,Bordeaux,2.78,23.47,3.02,328.74,13.61,9/27/2023,11.1,51.2,276.4
441,Cabernet Sauvignon,Napa Valley,3.41,29.4,3.58,152.57,23.11,9/17/2023,8.8,40.8,583.6
442,Zinfandel,Sonoma,2.11,11.88,3.56,208.3,22.46,9/10/2023,7.3,30.8,245.1
443,Cabernet Sauvignon,Tuscany,2.07,23.45,3.87,113.49,13.37,8/10/2023,6.8,58.9,280.5
444,Zinfandel,Bordeaux,2.76,18.88,3.97,348.69,15.99,8/18/2023,11.7,31.3,586.9
445,Pinot Noir,Bordeaux,2.5,27.36,3.42,344.34,16.15,8/24/2023,6.4,53.8,403.8
446,Merlot,Napa Valley,2.14,13.54,3.22,244.85,24.67,9/20/2023,7.2,51.6,624.8
447,Merlot,Rioja,2.28,23.85,3.16,291.32,12.71,8/9/2023,8.1,68.8,534.5
448,Syrah,Rioja,3.31,26.76,3.07,264.53,21.99,9/18/2023,9.7,49.4,353.6
449,Riesling,Barossa Valley,2.86,28.89,2.88,227.95,15.01,9/3/2023,9.3,32.5,590.5
450,Syrah,Tuscany,2.63,23.66,3.28,66,20.96,9/11/2023,6.8,52.1,269.8
451,Syrah,Rioja,2.22,19.94,3.18,186.43,16.3,9/3/2023,7.7,63.6,521.8
452,Syrah,Mendoza,2.39,22.36,4.15,252.44,18.68,9/26/2023,7.4,69.9,462.3
453,Syrah,Rioja,3.04,27.38,3.58,253.26,22.49,9/4/2023,7.3,47.2,360.7
454,Syrah,Bordeaux,2.85,21.41,3.29,161.94,22.06,8/19/2023,8.5,42.8,562.4
455,Sauvignon Blanc,Napa Valley,2.51,10.61,3.61,332.51,23,9/2/2023,10.2,66.3,722.8
456,Merlot,Mendoza,2.27,28.62,2.99,100.21,10.89,8/18/2023,7.3,37.6,799.3
457,Syrah,Barossa Valley,2.87,23.79,3.42,200.11,20.38,8/26/2023,8.2,54.6,564.7
458,Zinfandel,Tuscany,2.29,23.53,3.68,257.27,12.1,9/29/2023,8.3,46.2,442.8
459,Merlot,Barossa Valley,2.65,14.31,3.48,259.14,16.24,8/7/2023,11.9,31.6,335.1
460,Merlot,Bordeaux,3.25,23.18,3.36,244.59,18.23,8/24/2023,11.7,43.9,354.3
461,Chardonnay,Mendoza,2.5,17.88,4.19,132.59,16.04,8/3/2023,10.8,40.6,487.7
462,Sauvignon Blanc,Mendoza,2.4,23.02,4.03,96.86,17.79,8/10/2023,7.4,57.4,420.4
463,Syrah,Mendoza,1.95,12.13,3.67,240.78,24.95,8/2/2023,6.4,68,748.3
464,Cabernet Sauvignon,Bordeaux,2.22,23.16,3.6,229.79,12.03,8/31/2023,7.9,40.7,421
465,Pinot Noir,Bordeaux,3.1,29.99,3.67,103.81,20.13,8/3/2023,7.6,62.5,424.1
466,Riesling,Barossa Valley,1.85,10.96,3.08,261.54,15.94,9/28/2023,9,32.2,430.1
467,Zinfandel,Sonoma,3.05,29.54,3.35,186.55,12,8/1/2023,10.7,51.5,702
468,Cabernet Sauvignon,Barossa Valley,2.34,18.14,2.86,250.33,12.38,8/29/2023,11.1,32.8,590.5
469,Sauvignon Blanc,Tuscany,3.69,27.42,3.47,301.21,24.24,8/21/2023,11.1,67.4,568.5
470,Pinot Noir,Napa Valley,3.09,25.65,3.56,100.92,23.19,8/30/2023,8.2,60.7,400.5
471,Sauvignon Blanc,Mendoza,3.07,21.34,3.12,55.74,23.61,9/11/2023,10.1,56.3,690.7
472,Zinfandel,Sonoma,2.84,24.77,4.15,283.73,24.87,8/26/2023,7.9,63,223
473,Merlot,Napa Valley,2.19,27.57,4.07,232.91,13.12,9/30/2023,6.4,55.9,722.5
474,Pinot Noir,Sonoma,2.46,18.08,3.81,259.89,15.33,9/8/2023,10.2,68.8,507.6
475,Merlot,Rioja,2.07,16.54,3.55,301.45,20.04,9/17/2023,6.1,58.6,439
476,Zinfandel,Rioja,2.57,23.35,4.02,290.84,17.26,8/13/2023,8.5,67,498.3
477,Cabernet Sauvignon,Loire Valley,2.59,26.16,2.98,338.28,16.28,8/22/2023,8,50.7,600.4
478,Zinfandel,Rioja,2.87,25.25,3.91,210.78,15.37,8/27/2023,10.2,34.7,207.7
479,Cabernet Sauvignon,Barossa Valley,3.19,25.96,2.97,196.55,18.91,8/16/2023,10.6,51.1,722.9
480,Pinot Noir,Rioja,2.3,18.71,3.91,170.57,18.63,9/14/2023,7.8,35.1,468
481,Pinot Noir,Bordeaux,2.88,26.36,3.19,96.11,12.42,8/29/2023,10.9,53.7,405.8
482,Syrah,Mendoza,1.78,12.4,4.03,221.78,17.08,8/8/2023,7.8,49.3,282.9
483,Sauvignon Blanc,Barossa Valley,2.5,20.89,4.12,133.1,18.3,9/1/2023,8.7,54.9,463.7
484,Syrah,Napa Valley,2.19,10.12,3.01,326.39,18.55,9/11/2023,10.4,30.4,497.8
485,Sauvignon Blanc,Loire Valley,2.29,16.49,3.45,224.96,13.15,8/28/2023,10.2,37.8,442.2
486,Syrah,Loire Valley,3,17.33,4.17,227.85,21.13,9/8/2023,11.9,49.7,607.2
487,Merlot,Loire Valley,1.73,17.92,3.48,156.48,10.38,9/16/2023,7.4,68,452.5
488,Pinot Noir,Napa Valley,2.73,23.91,4.01,65.6,15.32,9/17/2023,10,45.3,776.9
489,Cabernet Sauvignon,Napa Valley,2.83,17.77,3.62,59.52,21.7,8/11/2023,9.7,47,559.6
490,Sauvignon Blanc,Napa Valley,2.98,18.97,3.33,177,18.46,8/26/2023,11.5,58.6,684.5
491,Zinfandel,Napa Valley,1.62,14.75,3.2,75.37,13.92,9/5/2023,6.9,54.2,265.6
492,Sauvignon Blanc,Loire Valley,2.79,17.47,3.08,232.05,20.42,8/7/2023,10.5,42,438.4
493,Cabernet Sauvignon,Loire Valley,2.31,14.55,3.87,314.29,18.51,8/25/2023,9.4,46.4,402.1
494,Syrah,Sonoma,2.11,11.46,3.34,314.87,21.94,8/10/2023,7.6,38.7,541.7
495,Sauvignon Blanc,Barossa Valley,2.92,22.07,3.52,247.71,21.03,9/22/2023,8.8,68.6,716.7
496,Riesling,Mendoza,2.74,23.36,3.49,113.37,19.15,9/11/2023,8,35.2,247
497,Merlot,Rioja,2.79,22.39,3.61,308.9,17.32,8/20/2023,9.5,44.9,243.5
498,Pinot Noir,Rioja,2.45,19.27,4.01,315.83,12,9/4/2023,11.3,31,710.2
499,Cabernet Sauvignon,Bordeaux,2.12,17.6,4.17,109,13.92,8/4/2023,9.4,38.9,327.7
500,Pinot Noir,Loire Valley,3.06,27.27,3.37,271.23,16.29,9/2/2023,9.8,61.2,601.3
501,Riesling,Bordeaux,2.62,20.38,3.96,135.96,18.99,9/11/2023,9.1,38,525.7
502,Sauvignon Blanc,Barossa Valley,2.05,19.58,3.87,290.79,17.71,8/13/2023,6.3,33.2,699.7
503,Sauvignon Blanc,Barossa Valley,1.53,10.51,3.6,349.17,14.32,9/28/2023,7.4,49,275.1
504,Zinfandel,Bordeaux,1.76,16.82,4.14,59.01,10.1,8/30/2023,9,30.4,277.9
505,Riesling,Loire Valley,2.16,17.6,3.08,319.21,17.44,9/25/2023,7.9,33.4,534.1
506,Cabernet Sauvignon,Bordeaux,1.81,17.98,2.95,236.79,14.28,9/8/2023,7.1,62.3,767.8
507,Zinfandel,Rioja,2.81,21.6,4,342.01,21.02,8/30/2023,9,60.9,449
508,Merlot,Sonoma,1.96,20.67,3.41,189.5,10.36,9/22/2023,7.9,66.6,396.2
509,Zinfandel,Rioja,2.44,22.16,3.99,304.22,18.77,9/7/2023,7.5,64.2,564
510,Chardonnay,Tuscany,3.05,25.3,4.05,68.72,24.12,8/24/2023,8.8,57.3,758.3
511,Cabernet Sauvignon,Loire Valley,2.13,26.26,2.89,150.58,12.62,9/30/2023,6.8,32.1,702.2
512,Chardonnay,Loire Valley,3.13,24.36,4.04,70.1,17.07,8/24/2023,11.6,61.3,797.3
513,Riesling,Mendoza,3.09,29.11,3.43,342.6,11.37,8/31/2023,11.2,63.8,213.5
514,Syrah,Napa Valley,2.35,10.36,3.51,295.09,19.39,8/31/2023,10.2,62,267.7
515,Chardonnay,Tuscany,1.84,13.92,3.68,305.76,18.26,8/2/2023,6.6,50.3,565.7
516,Merlot,Barossa Valley,2.05,10.15,4.1,331.39,16.11,8/22/2023,10.7,39.3,692.3
517,Zinfandel,Loire Valley,2.93,22.95,2.83,75.53,17.82,9/6/2023,10.8,63.8,371.1
518,Syrah,Bordeaux,3.64,27.96,3.47,165.68,23.45,9/17/2023,10.6,59.1,343.5
519,Zinfandel,Tuscany,1.54,14.87,3.76,71.31,12.94,8/25/2023,6.7,69.2,672.2
520,Chardonnay,Mendoza,2.71,28.54,3.81,113.24,10.34,8/13/2023,9.9,36.2,233.8
521,Zinfandel,Barossa Valley,2.64,11.21,3.77,118.81,22.92,9/13/2023,11,39,421.6
522,Riesling,Napa Valley,3.15,28.69,2.99,190.73,18.66,9/10/2023,9.5,38.5,503.5
523,Syrah,Napa Valley,2.8,17.03,3.22,130.57,23.36,9/30/2023,9.9,61.7,536.2
524,Riesling,Mendoza,2.14,12.03,3.3,80.29,18.95,9/23/2023,8.8,37.5,637.2
525,Chardonnay,Mendoza,2.81,19.72,3.93,100.25,22.15,8/22/2023,9.2,32.7,412.9
526,Riesling,Bordeaux,1.69,15.14,3.19,94.18,16.45,9/23/2023,6.2,69.9,567.6
527,Merlot,Loire Valley,2.62,15.7,3.09,341.92,21.25,8/6/2023,9.8,31,551.2
528,Chardonnay,Napa Valley,2.09,16.15,4.14,277.79,23.7,8/20/2023,6.5,63.4,528.6
529,Chardonnay,Barossa Valley,2.8,26.06,2.81,340.33,18.58,9/29/2023,8.6,44.6,584.3
530,Chardonnay,Tuscany,1.95,20.78,4.2,181.92,12.71,9/19/2023,7.8,63.7,355.7
531,Cabernet Sauvignon,Barossa Valley,2.13,16.23,3.75,133.51,14.03,8/4/2023,9.3,52.2,250.8
532,Zinfandel,Sonoma,1.95,22.21,3.96,289.49,12.98,8/10/2023,6.8,66.1,271.6
533,Cabernet Sauvignon,Sonoma,2.72,24.32,3.21,147.88,13.7,8/10/2023,10.1,67,334.7
534,Cabernet Sauvignon,Mendoza,2.26,15.45,2.82,139.82,14.6,8/11/2023,10.8,30.4,500.1
535,Merlot,Bordeaux,2.14,18.27,3.83,119.75,18.33,9/5/2023,7,33,704.3
536,Syrah,Sonoma,1.72,12.44,3.97,88.9,18.82,8/20/2023,6.6,40,620.8
537,Zinfandel,Napa Valley,1.71,13.62,3.84,126.94,16.4,8/21/2023,6.9,56.8,673.4
538,Riesling,Barossa Valley,3.19,23.62,3,156.6,19.23,8/18/2023,11.3,65.5,410.6
539,Sauvignon Blanc,Barossa Valley,1.74,13.63,3.85,252.2,11.22,9/18/2023,9.2,48.4,442.8
540,Chardonnay,Mendoza,2.09,20.5,3.88,68.77,11.32,8/17/2023,8.8,54.3,436.2
541,Riesling,Loire Valley,2.07,24.18,3.72,113.15,12.58,8/11/2023,6.6,37.5,315.1
542,Chardonnay,Loire Valley,2.2,12.14,3.87,292.71,17.77,9/11/2023,9.9,62.2,236.7
543,Merlot,Tuscany,2.64,21.35,3.98,94.08,13.21,9/28/2023,11.2,68.7,554.5
544,Chardonnay,Mendoza,2.38,15.13,3.66,152.79,14.25,8/9/2023,11,40.7,793.5
545,Cabernet Sauvignon,Rioja,3.04,29.26,2.92,309.4,16,8/16/2023,9.8,49.8,300.1
546,Zinfandel,Tuscany,2.46,19.67,3.48,96.48,22.18,8/12/2023,6.5,33.4,228
547,Sauvignon Blanc,Rioja,1.95,26.12,2.91,74.82,10.21,8/4/2023,6.7,52.4,667.7
548,Pinot Noir,Loire Valley,2.33,21,3.37,195.36,19.74,9/24/2023,6.3,50.1,351.6
549,Chardonnay,Mendoza,1.94,10.87,3.37,140.73,20.03,9/4/2023,7.5,35.8,697.8
550,Riesling,Rioja,2.54,22.66,2.89,219.02,21.98,9/26/2023,6.8,47.7,622.4
551,Cabernet Sauvignon,Mendoza,3.16,29.03,3.29,291.14,23.99,9/26/2023,7.6,43.4,767.4
552,Pinot Noir,Mendoza,1.99,22.03,2.96,91.14,10.3,8/27/2023,8.3,50.9,445.4
553,Sauvignon Blanc,Loire Valley,2.98,26.38,3.93,224.21,12.31,9/8/2023,11.7,53.4,597.2
554,Pinot Noir,Tuscany,3.32,27.68,4.13,201.65,23.29,9/24/2023,9.7,30.3,478.9
555,Cabernet Sauvignon,Tuscany,2.42,14.56,2.9,93.22,16.88,8/30/2023,11,60.4,578.4
556,Zinfandel,Mendoza,2.38,14.24,4.14,237.2,18.47,8/6/2023,10.3,58.5,469.8
557,Zinfandel,Sonoma,2.51,22.22,3.53,132.09,19.95,8/28/2023,6.7,44.7,313.2
558,Syrah,Bordeaux,2.84,18.22,3.22,196.35,20.19,8/6/2023,10.4,32.1,504.7
559,Zinfandel,Loire Valley,2.94,26.8,2.91,74.68,23.98,8/21/2023,7.7,60.2,517.2
560,Syrah,Bordeaux,3.51,28,3.5,187.88,24.95,9/17/2023,9.8,68.2,686.4
561,Pinot Noir,Bordeaux,2.38,17.07,3.91,141.94,20.8,8/26/2023,8,39.6,641.3
562,Merlot,Tuscany,2.5,14.74,3.79,296.71,14.31,9/19/2023,12,42.9,598.3
563,Riesling,Tuscany,2.85,25.61,2.87,67.09,23.2,8/12/2023,7.6,37.4,268
564,Riesling,Sonoma,1.51,15.5,2.9,175.58,10.74,9/9/2023,7.7,53.1,632.4
565,Pinot Noir,Bordeaux,3.12,26.45,3.36,187.53,13.47,8/3/2023,11.6,36.2,500.2
566,Chardonnay,Bordeaux,2.25,18.47,3.21,267.5,23.46,9/23/2023,6.1,44.2,736.5
567,Chardonnay,Mendoza,2.66,23.35,3.13,222.29,13.84,8/4/2023,10.2,57.9,751.9
568,Zinfandel,Tuscany,1.99,11.91,3.19,250.16,13.31,9/5/2023,10.4,52.4,233.1
569,Riesling,Bordeaux,2.62,22.48,3.92,283.11,12.07,9/11/2023,11,45.5,692.4
570,Riesling,Barossa Valley,3.16,19.04,4.1,308.66,22.89,8/23/2023,11.8,46.8,222.6
571,Syrah,Sonoma,3.15,21.73,3.37,144.16,17.5,8/13/2023,11.9,52.5,420.3
572,Merlot,Rioja,1.8,13.36,4.07,211.41,20.12,9/28/2023,6.4,30.2,525.4
573,Cabernet Sauvignon,Barossa Valley,2.88,24.74,3.25,302.03,13.59,9/12/2023,10.9,33.1,288.9
574,Chardonnay,Barossa Valley,3.44,27.26,3.47,346.84,21.37,8/4/2023,9.9,65.3,647.8
575,Riesling,Rioja,2.57,14.33,3.12,316.86,21.4,9/24/2023,9.9,33.1,205
576,Syrah,Loire Valley,1.51,11.91,3.7,161.44,14.69,9/7/2023,6.8,58.3,301.2
577,Sauvignon Blanc,Loire Valley,1.92,10.47,4.17,108.55,16.16,9/17/2023,9.9,66.8,548.5
578,Syrah,Sonoma,2.93,22.84,3.64,196.82,13.15,9/15/2023,11.9,40.8,628.6
579,Chardonnay,Barossa Valley,3.4,22.14,3.3,272.49,24.65,9/16/2023,11.5,44.8,750
580,Chardonnay,Bordeaux,2.68,20.93,3.71,197.77,19.68,9/1/2023,8.6,52.8,623.3
581,Syrah,Tuscany,1.98,14.64,2.97,194.95,24.02,9/19/2023,6.2,65.3,603.1
582,Cabernet Sauvignon,Sonoma,2,17.82,4.04,301.47,14.55,9/14/2023,8.2,67.7,436.6
583,Pinot Noir,Mendoza,3.33,21.89,3.5,158.42,21.73,8/31/2023,11,59.6,200.8
584,Chardonnay,Rioja,3.04,19.94,3.43,307.94,21.49,8/7/2023,10.2,33.5,272.1
585,Syrah,Barossa Valley,3.31,29.76,3.62,172.04,20.37,8/6/2023,8.8,56.8,520.7
586,Riesling,Sonoma,1.97,12.73,3.67,148.47,24.48,8/22/2023,6.3,46.4,605.1
587,Syrah,Napa Valley,2.51,23.9,2.9,186.2,15.9,8/1/2023,8.6,48.8,450.5
588,Merlot,Napa Valley,2.02,18.09,3.76,278.73,11.96,8/31/2023,8.8,32,638.4
589,Pinot Noir,Loire Valley,3.03,18.56,3.14,87.8,20.08,9/12/2023,11.6,37.6,513.1
590,Sauvignon Blanc,Rioja,3.15,24.35,3.8,108.93,20.94,9/19/2023,9.8,61.6,244.5
591,Cabernet Sauvignon,Tuscany,2.61,23.85,3.95,335.43,18.63,9/26/2023,7.9,48.2,315.2
592,Zinfandel,Bordeaux,2.82,29.83,3.93,102.65,13.1,9/15/2023,9.2,42.1,704
593,Sauvignon Blanc,Tuscany,1.71,12.57,3.57,220.32,17.57,9/6/2023,6.4,45.4,634.9
594,Pinot Noir,Tuscany,2.4,12.08,3.53,223.79,14.68,9/20/2023,11.8,64.2,736.9
595,Pinot Noir,Tuscany,2.54,24.49,3,196.89,16.41,8/24/2023,8.2,60,270.5
596,Pinot Noir,Rioja,2.73,21.57,3.89,243.42,19.68,9/15/2023,8.9,40.9,794.1
597,Sauvignon Blanc,Tuscany,2.34,15.48,3.18,118.95,21.18,9/13/2023,8.1,34.7,325.6
598,Riesling,Mendoza,2.01,11.59,3.5,215.8,13.48,8/16/2023,10.1,40.1,207.1
599,Pinot Noir,Rioja,2.1,11.71,3.2,161.65,16.08,9/26/2023,10,66.8,798.5
600,Syrah,Mendoza,2.93,27.88,2.99,248.5,14.04,9/28/2023,10.3,53.3,368.6
601,Sauvignon Blanc,Rioja,1.65,13.84,3.68,92.37,12.98,8/29/2023,7.6,51.3,600.8
602,Zinfandel,Loire Valley,2.33,16.47,2.88,221.26,21.75,9/10/2023,7.9,53.9,306
603,Pinot Noir,Sonoma,2.12,14.53,3.85,105.58,23.64,9/25/2023,6.8,44.6,548.1
604,Syrah,Napa Valley,2.38,17.1,3.24,133.59,15.55,8/7/2023,9.9,62.3,742.4
605,Riesling,Tuscany,1.69,11.39,2.8,115.61,21.27,8/9/2023,6.2,50.9,392.1
606,Merlot,Loire Valley,3.02,20.38,3.52,104.85,23.45,9/2/2023,9.6,34.7,602.2
607,Riesling,Sonoma,2.59,11.35,2.87,297.71,22.69,9/27/2023,11.2,35.2,312.7
608,Zinfandel,Napa Valley,2.95,26.01,3.19,135.71,12.74,8/13/2023,11.3,51.5,574.9
609,Pinot Noir,Barossa Valley,2.46,14.67,3.79,328.14,24.34,9/1/2023,8.7,67.5,401.9
610,Zinfandel,Bordeaux,2.34,20.8,2.89,340.98,15.65,8/28/2023,8.8,42.3,326.7
611,Sauvignon Blanc,Mendoza,2.36,27.6,3.98,221.38,15.09,9/4/2023,6.5,64.8,387.9
612,Chardonnay,Barossa Valley,2.34,23.02,2.81,92.9,10.94,9/11/2023,10,60.6,307.3
613,Pinot Noir,Rioja,2.85,20.66,3.15,162.36,17.29,9/30/2023,10.9,39.9,741.1
614,Chardonnay,Napa Valley,1.66,16.49,3.84,289.32,11.64,8/15/2023,7.5,31.5,438.3
615,Syrah,Barossa Valley,2,16.66,3.24,160.22,13.73,8/19/2023,8.5,34.1,347.2
616,Merlot,Bordeaux,2.81,23.39,2.94,76.11,14.75,8/16/2023,11,59.1,469
617,Cabernet Sauvignon,Loire Valley,3.83,29.88,3.3,217.04,22.13,8/22/2023,11.3,38,392.3
618,Zinfandel,Napa Valley,2.76,23.24,3.18,303.54,23.13,8/8/2023,7.5,44.9,646.7
619,Riesling,Barossa Valley,2.4,21.16,3.98,288.78,14.54,8/18/2023,9.3,50.1,782.7
620,Merlot,Mendoza,2.81,24.61,3.24,102.54,22.88,8/5/2023,7.2,59,462.8
621,Pinot Noir,Mendoza,2.36,19.3,3.9,251.83,22.86,9/6/2023,6.6,34.5,716.6
622,Chardonnay,Sonoma,2.62,11.2,4.05,116.15,21.47,9/9/2023,11.5,46.3,539.5
623,Riesling,Barossa Valley,2.62,21.25,3.41,115.46,12.2,9/30/2023,10.9,49.4,294.3
624,Chardonnay,Tuscany,3.46,29.15,4.07,312.22,20.35,9/4/2023,10.6,51.6,614.4
625,Sauvignon Blanc,Barossa Valley,2.02,13.51,3.33,124.9,24.18,8/20/2023,6.3,62.7,508.1
626,Chardonnay,Loire Valley,3.2,23.8,4.15,128.97,20.24,9/22/2023,11.1,36.9,590.4
627,Sauvignon Blanc,Napa Valley,1.86,14.02,2.93,50.2,14.97,9/9/2023,8.6,62.3,733.8
628,Syrah,Napa Valley,2.43,20.72,3.76,311.2,17.51,8/6/2023,8.1,57.7,464.3
629,Riesling,Loire Valley,2.31,11.93,3.49,287.78,19.69,8/11/2023,9.3,52.2,740.7
630,Riesling,Barossa Valley,2.09,19.01,3.34,238.2,17.66,9/28/2023,6.5,58,650.4
631,Cabernet Sauvignon,Loire Valley,2.73,25.12,3.69,275.08,11.8,9/30/2023,10.5,46.5,493.2
632,Pinot Noir,Bordeaux,2.24,16.95,3.79,95.61,14.68,9/3/2023,9.5,35.5,561.9
633,Sauvignon Blanc,Rioja,2.61,23.3,2.81,187.5,22.04,8/13/2023,7.1,56.6,395.3
634,Cabernet Sauvignon,Loire Valley,2.82,25.91,3.03,155.37,22.92,8/22/2023,7.1,51,790.2
635,Chardonnay,Mendoza,2.36,28.54,3.8,78.13,12.06,9/5/2023,7.1,55.6,600.4
636,Chardonnay,Loire Valley,2.07,14.69,3.73,195.84,24.29,8/28/2023,6.3,43.5,226.3
637,Cabernet Sauvignon,Napa Valley,2.23,17.99,4.15,326.22,14.93,8/8/2023,9.5,66.3,396
638,Riesling,Mendoza,2.59,13.05,3.87,62.02,19.93,9/23/2023,11,53.5,574
639,Chardonnay,Napa Valley,2.8,29.85,4.13,137.44,21.28,9/3/2023,6.1,33.4,233.8
640,Zinfandel,Sonoma,2.89,28.54,3.78,112.26,22.18,8/17/2023,6.3,48,214.3
641,Syrah,Tuscany,2.94,20.8,3.22,121.44,24.19,8/30/2023,9.4,60.3,470
642,Syrah,Napa Valley,3,26.84,2.95,322.53,14.69,8/5/2023,10.9,61.8,399.6
643,Zinfandel,Mendoza,2.66,20.42,3.89,190.42,22.88,9/25/2023,8,49.8,463
644,Cabernet Sauvignon,Sonoma,2.18,22.47,3.7,189.89,11.98,9/4/2023,8.1,65.8,357.6
645,Zinfandel,Napa Valley,2.25,11.78,2.87,278.17,20.58,8/2/2023,9.6,40.7,298.8
646,Sauvignon Blanc,Bordeaux,2.87,25.11,3.3,96.35,21.13,8/18/2023,7.6,46.4,613.5
647,Sauvignon Blanc,Loire Valley,1.7,12.55,4.14,196.18,20.17,8/2/2023,6.2,65.9,508.7
648,Cabernet Sauvignon,Tuscany,2.98,26.52,3.5,179,13.78,9/1/2023,10.4,65.9,320.1
649,Zinfandel,Napa Valley,3.35,25.64,3.41,229.07,23.1,8/2/2023,9.8,57.4,391.8
650,Sauvignon Blanc,Sonoma,2.59,24.17,3.44,349.87,12.53,8/3/2023,9.5,64.4,555.1
651,Riesling,Bordeaux,1.74,10.72,3.09,280.83,10.8,9/23/2023,10.5,33.6,243.3
652,Zinfandel,Barossa Valley,2.72,16.06,3.32,169.36,20.76,9/4/2023,10.1,64.6,288.5
653,Riesling,Sonoma,1.95,15.26,3.32,298.27,17.13,8/27/2023,7.2,42.8,243.9
654,Sauvignon Blanc,Loire Valley,2.42,17.2,2.87,101.21,22.74,9/30/2023,8.1,37.1,687.4
655,Syrah,Sonoma,1.53,11.75,3.87,59.14,15.75,9/22/2023,6.8,39.6,651.4
656,Sauvignon Blanc,Bordeaux,2.4,28.74,3.38,111.33,12.52,9/14/2023,6.8,46.7,652
657,Riesling,Sonoma,3.04,21.08,3.95,152.12,22.55,9/29/2023,10.1,40,629.8
658,Merlot,Bordeaux,2.66,16.11,3.99,203.17,18.23,8/2/2023,11.2,42.8,601.6
659,Pinot Noir,Napa Valley,2.53,17.94,3.1,234.54,12.84,8/20/2023,11.8,35.4,486.2
660,Chardonnay,Rioja,2.84,18.94,3.72,323.18,20.81,8/10/2023,9.8,41.8,585.4
661,Zinfandel,Bordeaux,2.41,22.01,3.46,202.96,17.67,9/3/2023,7.1,52.9,223
662,Merlot,Bordeaux,2.19,20.31,4.03,200.38,19.06,9/13/2023,6.6,47.7,572.9
663,Sauvignon Blanc,Tuscany,3.28,28.39,3.1,65.07,16.91,9/14/2023,10.9,43.9,666.7
664,Syrah,Bordeaux,2.92,19.94,3.75,60.47,22.43,9/3/2023,9.5,59.9,500.2
665,Cabernet Sauvignon,Bordeaux,3.57,29.84,3.65,215.35,22.44,9/8/2023,9.7,65.7,414.5
666,Sauvignon Blanc,Barossa Valley,3.44,27.03,3.21,181.45,20.64,8/6/2023,10.7,60.3,366.5
667,Syrah,Rioja,1.93,14.17,2.99,301.75,11.58,9/13/2023,10.2,43.3,585.7
668,Pinot Noir,Napa Valley,3.7,28.61,3.71,98.2,22.58,9/3/2023,11,59.8,615.7
669,Sauvignon Blanc,Loire Valley,1.78,12.33,3.83,57.49,20.07,9/17/2023,6.3,36.1,722.6
670,Riesling,Tuscany,3.36,26.35,3.24,184.71,20.46,9/24/2023,10.5,35.2,405.4
671,Cabernet Sauvignon,Barossa Valley,2.62,17.61,3.7,121.24,15.44,8/22/2023,11.1,43.8,661.9
672,Syrah,Mendoza,3.1,27.56,3.35,64.88,23.19,8/21/2023,7.7,62.3,536.8
673,Syrah,Rioja,3.33,27.36,3.8,267.38,20.88,8/19/2023,9.8,39.9,729.7
674,Syrah,Napa Valley,2.29,26.12,3.08,83.48,11.69,8/13/2023,7.9,32.5,516.7
675,Pinot Noir,Napa Valley,3.17,25.8,4.05,232.5,16.12,8/8/2023,11.7,35.3,510.6
676,Sauvignon Blanc,Mendoza,2.12,16.09,3.2,134.31,23.3,9/27/2023,6.2,64.3,546.7
677,Pinot Noir,Loire Valley,1.68,11.62,3.31,102.05,10.71,9/3/2023,9.5,55.4,649.6
678,Zinfandel,Bordeaux,2.3,18.06,2.88,163.93,24.42,8/14/2023,7,40.1,778.8
679,Chardonnay,Barossa Valley,2.47,13.47,2.96,290.43,20.19,9/1/2023,10.3,52.2,244.1
680,Chardonnay,Sonoma,2.64,23.9,3.52,167.63,19.47,9/11/2023,7.1,51.1,232.1
681,Zinfandel,Tuscany,1.84,16.92,3.17,275.23,14.06,9/6/2023,7.4,56.2,762.5
682,Sauvignon Blanc,Sonoma,2.8,29.51,3.97,87.65,13.73,9/17/2023,9,39.3,517.9
683,Riesling,Mendoza,3.32,22.82,2.82,281.83,24.13,9/2/2023,11.5,64.6,568.9
684,Pinot Noir,Napa Valley,2.46,26.45,3.33,121.08,14.47,9/27/2023,7.3,42.4,489.5
685,Cabernet Sauvignon,Loire Valley,2.03,12.65,3.27,253.22,21.63,9/20/2023,6.9,57.8,256.2
686,Syrah,Napa Valley,3.03,27.24,2.83,219.73,15.9,9/18/2023,10.6,30.6,660.9
687,Syrah,Tuscany,2.61,28.46,2.97,328.74,12.09,8/10/2023,9,44.9,648.3
688,Sauvignon Blanc,Napa Valley,2.48,19.74,3.38,166.2,10.16,8/6/2023,11.5,44.1,387
689,Riesling,Napa Valley,2.42,22.13,3.49,69.85,18.16,9/23/2023,6.9,51.7,383.7
690,Chardonnay,Tuscany,3.34,25.3,3.37,55.75,24.64,8/19/2023,9.9,32.9,702.7
691,Chardonnay,Barossa Valley,1.8,13.5,3.54,298.06,15.54,9/9/2023,7.4,61.6,243.4
692,Syrah,Barossa Valley,2.08,20.05,3.63,207.42,15.36,9/29/2023,6.9,38.7,728.7
693,Sauvignon Blanc,Tuscany,2.33,17.97,2.81,282.57,15.16,8/20/2023,10.1,57.1,354
694,Pinot Noir,Loire Valley,2.28,12.93,3.45,120.33,17.81,9/25/2023,9.6,62.1,555.8
695,Chardonnay,Mendoza,2.47,17.35,4.15,153.53,16.61,8/21/2023,10.5,52.5,761.6
696,Pinot Noir,Rioja,2.19,11.36,3.53,59.03,23.2,8/28/2023,7.9,59.6,606.9
697,Riesling,Napa Valley,1.92,10.52,3.75,338.45,17.58,8/9/2023,8.7,56.5,448.7
698,Chardonnay,Loire Valley,2,12.7,3.24,250.36,17.62,9/1/2023,8.4,44.2,613.7
699,Chardonnay,Napa Valley,3.18,29.26,3.88,329.96,12.08,8/16/2023,11.9,62.4,406.4
700,Merlot,Rioja,2.66,20.99,3.88,129.65,24.74,9/14/2023,7.8,41.8,366.4
701,Chardonnay,Mendoza,2.7,29.32,3.53,233.44,13.75,8/16/2023,7.8,52.8,798
702,Zinfandel,Barossa Valley,1.77,18.65,4.17,253.55,11.1,8/28/2023,8.1,59.8,650.5
703,Cabernet Sauvignon,Loire Valley,2.47,16.24,2.98,145.26,19.95,9/4/2023,9.4,45.2,586.8
704,Zinfandel,Bordeaux,2.28,20.12,2.82,304.43,18.93,8/2/2023,7.5,42.1,413.2
705,Sauvignon Blanc,Bordeaux,2.76,18.79,3.88,334.15,16.23,9/22/2023,11.5,48.4,229.5
706,Sauvignon Blanc,Rioja,1.71,12.11,3.93,315.46,16.33,9/23/2023,7.6,62.7,218.6
707,Pinot Noir,Bordeaux,3.32,22.82,2.97,271.72,21.78,8/6/2023,11.4,67.2,532.5
708,Zinfandel,Barossa Valley,1.47,14.32,3.17,133.24,12.94,9/2/2023,6.6,51.8,657.2
709,Zinfandel,Rioja,3.02,22.39,2.82,134.48,22.3,9/24/2023,9.9,56.5,522.4
710,Zinfandel,Barossa Valley,3.26,23,3.21,339.01,19.73,8/28/2023,11.4,66.1,704.5
711,Riesling,Mendoza,1.67,13.04,3.88,53.09,16.28,8/27/2023,7,33.9,220.1
712,Chardonnay,Napa Valley,2.49,11.23,3.53,264.81,16.87,8/22/2023,11.8,39.3,420.1
713,Cabernet Sauvignon,Mendoza,2.59,25.62,3.29,261.87,13.85,9/4/2023,8.7,58.4,342.2
714,Pinot Noir,Mendoza,3.21,19.2,3.32,236.81,21.28,8/1/2023,11.7,62.9,468.4
715,Zinfandel,Barossa Valley,2.09,11.16,2.8,347.03,17.69,8/5/2023,10.1,64.3,243.4
716,Zinfandel,Rioja,2.74,29.9,3.22,143.56,14.81,9/28/2023,7.8,46.6,772.5
717,Merlot,Rioja,1.8,11.16,3.71,151.99,18.94,9/11/2023,7.1,33.6,334
718,Pinot Noir,Bordeaux,2.77,23.9,4.16,73.68,24.94,8/21/2023,7.8,47.5,753.4
719,Zinfandel,Sonoma,2.59,29.67,3.99,182.84,16.53,8/15/2023,6.6,39.2,455.5
720,Pinot Noir,Napa Valley,2.07,14.78,2.83,128.31,23.81,8/15/2023,6.9,41.6,791.3
721,Chardonnay,Barossa Valley,1.48,12.84,4.06,153.02,15.18,9/10/2023,6.6,60.9,532.4
722,Merlot,Bordeaux,1.52,12.43,3.9,300.37,10.82,8/25/2023,8.5,33,758.5
723,Pinot Noir,Loire Valley,2.27,16.07,3.89,330.65,13.06,8/17/2023,10.8,63.1,203.2
724,Cabernet Sauvignon,Sonoma,1.66,12.02,3.44,105.72,16.28,8/17/2023,6.8,47.1,648.9
725,Cabernet Sauvignon,Sonoma,2.15,23.84,3.36,161.75,13.29,9/14/2023,6.8,53.8,741.8
726,Sauvignon Blanc,Barossa Valley,1.66,11.25,3.22,328.59,10,8/12/2023,9.9,33.6,283.8
727,Merlot,Tuscany,2.46,20.19,2.89,68.54,23.73,9/1/2023,7.2,43.5,257.7
728,Merlot,Napa Valley,3,29.93,3.12,77.71,22.66,8/17/2023,6.6,33.6,454.7
729,Sauvignon Blanc,Sonoma,2.8,26.28,3.15,98.84,21.13,9/21/2023,7,68.5,760.2
730,Pinot Noir,Barossa Valley,2.82,22.3,3.48,228.56,12.52,8/1/2023,11.5,62.3,525.4
731,Merlot,Barossa Valley,2.22,16.13,3.85,95.14,11.81,9/21/2023,10.9,48.4,516.5
732,Cabernet Sauvignon,Bordeaux,2.16,22.48,3.46,340.42,11.01,8/17/2023,8.1,38.9,284.7
733,Cabernet Sauvignon,Loire Valley,2.85,20.54,2.88,184.01,20.86,8/23/2023,9.9,67.3,200.5
734,Zinfandel,Tuscany,2.68,18.52,4.14,200.46,23.93,8/16/2023,9.2,43.8,686.1
735,Chardonnay,Napa Valley,2.12,12.61,4.12,124,16.46,8/11/2023,10.1,36.4,252.5
736,Merlot,Rioja,2.77,27.73,3.9,191.29,11.79,9/11/2023,10.1,52.5,580.3
737,Pinot Noir,Mendoza,2.51,19,4.19,248.57,17.69,9/28/2023,9.8,67.8,748.8
738,Sauvignon Blanc,Loire Valley,1.83,13.89,3.56,275.35,15.23,8/25/2023,7.6,30.2,325.2
739,Sauvignon Blanc,Loire Valley,1.69,17.36,4.15,276.16,15.62,8/27/2023,6.2,39.5,599.2
740,Pinot Noir,Bordeaux,2.42,18.28,2.91,223.37,19.32,8/24/2023,8.7,67.5,247.2
741,Riesling,Rioja,3.55,26.55,3.31,321.31,20.78,8/4/2023,11.3,36.8,562.3
742,Syrah,Sonoma,2.46,24.67,3.12,295.22,11.66,8/9/2023,9.4,34.5,298.4
743,Chardonnay,Sonoma,2.68,25.39,3.07,277.11,10.53,9/10/2023,11,52.8,641.6
744,Sauvignon Blanc,Bordeaux,2.67,10.22,3,66.68,24.91,9/21/2023,11.9,64.5,380.7
745,Merlot,Barossa Valley,1.86,18.32,3.67,52.06,13.49,8/20/2023,7,49.1,478
746,Chardonnay,Sonoma,2.23,19.63,3.89,113.73,10.81,9/9/2023,10.2,69.8,559.7
747,Merlot,Tuscany,1.85,10.38,3.61,249.06,12.85,9/19/2023,10,57.2,302.8
748,Riesling,Napa Valley,2.21,15.2,3.01,173.36,10.58,9/20/2023,11.9,33,645
749,Cabernet Sauvignon,Loire Valley,3.18,25.21,3.94,170.72,15.88,8/16/2023,11.9,69.7,381.6
750,Chardonnay,Loire Valley,2.6,12.74,3.69,315.38,22.04,8/21/2023,10.1,,597.4
751,Zinfandel,Tuscany,2.19,20.71,3.34,318.67,15.12,8/9/2023,7.5,41.5,295
752,Sauvignon Blanc,Rioja,2.44,14.3,3.74,322.75,16.66,9/24/2023,10.8,52.3,612.9
753,Chardonnay,Sonoma,1.7,10.24,3.16,144.16,20.13,8/10/2023,6.6,42.2,276.9
754,Chardonnay,Loire Valley,2.53,14.82,3.28,257.32,17.63,9/18/2023,10.7,33.5,455.2
755,Chardonnay,Mendoza,3.74,29.52,4.08,131.49,22.92,8/11/2023,11.5,30.1,348.3
756,Syrah,Rioja,3.07,26.03,3.21,107.18,22.99,9/15/2023,8.3,48,649
757,Chardonnay,Napa Valley,2.78,29.19,3.46,105.39,10.15,9/24/2023,9.8,63.5,357.2
758,Merlot,Napa Valley,2.66,19.76,4.05,152.63,21.67,8/10/2023,8.6,52.9,729
759,Cabernet Sauvignon,Loire Valley,1.95,12.19,3.79,178.99,16.91,8/6/2023,8.6,70,735.1
760,Riesling,Bordeaux,2.62,20.96,2.89,299.28,24.83,8/15/2023,7.9,41.5,317.9
761,Pinot Noir,Rioja,2.67,19.09,3.01,85.97,17.25,9/9/2023,10.6,41.2,568.3
762,Chardonnay,Loire Valley,3.57,26.89,2.81,270.48,24.8,8/15/2023,11.6,36.4,252.6
763,Sauvignon Blanc,Bordeaux,2.76,11.96,3.68,209.44,21.32,9/9/2023,11.6,36.6,434.9
764,Chardonnay,Loire Valley,1.98,19.76,3.43,136.38,13.73,9/15/2023,7,41.4,628
765,Sauvignon Blanc,Mendoza,2.46,13,2.99,197.85,18.08,8/23/2023,11.2,61.7,595.7
766,Merlot,Rioja,2.76,16.49,4.14,139.98,24.88,9/29/2023,10.4,66.2,574.8
767,Sauvignon Blanc,Barossa Valley,2.92,24.75,3.54,228.82,22.86,9/16/2023,7.5,69,369.5
768,Zinfandel,Napa Valley,1.65,19.52,3.14,180.15,11.46,9/7/2023,6.4,39.3,426.8
769,Pinot Noir,Loire Valley,2.42,17.52,3.5,99.32,20.6,8/23/2023,7.6,65.3,261.8
770,Cabernet Sauvignon,Mendoza,2.67,17.89,3.75,84.97,15.18,8/10/2023,11.5,43.1,631.4
771,Sauvignon Blanc,Bordeaux,2.04,19.19,2.91,214.01,10.1,8/12/2023,9.8,34.5,502.3
772,Sauvignon Blanc,Bordeaux,2.98,25.7,3.18,320.72,16.05,9/18/2023,10.3,64.8,625.3
773,Cabernet Sauvignon,Napa Valley,2.45,27.84,3.93,153.19,13.52,8/25/2023,7.5,55.4,349.4
774,Pinot Noir,Tuscany,3.65,29.11,3.44,269.9,22.28,8/24/2023,10.3,36.6,394.7
775,Chardonnay,Loire Valley,2.3,25.74,3.57,247.6,15.06,9/21/2023,6.2,47.2,400.5
776,Sauvignon Blanc,Rioja,2.54,16.31,3.41,329.47,22.41,9/22/2023,8.3,41.5,215.4
777,Cabernet Sauvignon,Sonoma,2.3,23.76,2.86,296.29,10.01,8/8/2023,9.8,59.5,404.6
778,Zinfandel,Bordeaux,1.87,18.75,3.03,219.98,14.62,9/28/2023,6.9,48.1,682
779,Zinfandel,Rioja,2.34,15.09,3.42,247.11,13.62,9/12/2023,10.9,69.6,738.4
780,Merlot,Rioja,2.37,26.82,3.09,319.52,13.5,8/14/2023,7.4,32.2,510.9
781,Cabernet Sauvignon,Barossa Valley,1.61,10.77,2.87,169.86,11.02,9/28/2023,9.9,44.2,473.3
782,Merlot,Rioja,2.55,28.04,3.98,148.04,12.81,9/29/2023,8.4,49.3,218.5
783,Zinfandel,Rioja,2.54,19.23,4.17,53.24,18.33,8/29/2023,9.6,50.1,727.5
784,Pinot Noir,Barossa Valley,2.05,22.74,3.91,297.97,14.37,8/11/2023,6.6,42.6,207.8
785,Chardonnay,Bordeaux,2.1,23.19,4,290.29,16.26,8/23/2023,6.1,59.2,766.9
786,Cabernet Sauvignon,Rioja,3.28,27.9,3.14,81.34,15.65,8/10/2023,11.5,65,493.5
787,Riesling,Tuscany,2.67,22.73,4.14,223.06,23.14,9/10/2023,7.6,67.5,405.2
788,Zinfandel,Tuscany,3.25,22.28,3.08,189.19,23.58,8/25/2023,10.9,62.2,754.5
789,Zinfandel,Mendoza,2.41,11.33,4.13,85.61,17.39,8/15/2023,12,64,214.6
790,Riesling,Barossa Valley,2,20.37,4.19,344.17,14.95,9/16/2023,7.3,52,548.9
791,Syrah,Mendoza,1.48,13,3.8,114.41,11.6,9/26/2023,7.6,63,529.4
792,Zinfandel,Barossa Valley,3.18,24.75,4.17,70.17,24.3,9/22/2023,10,42.1,331.6
793,Sauvignon Blanc,Loire Valley,2.62,20.24,3.6,228.45,10.9,9/6/2023,11.8,45.9,457.3
794,Pinot Noir,Loire Valley,2.94,23.6,3.16,271.66,14.46,8/8/2023,11.5,42.7,591.4
795,Cabernet Sauvignon,Rioja,1.83,10.83,3.41,59.73,14.47,8/22/2023,9,48.7,636.3
796,Riesling,Sonoma,2.19,11.7,3.63,247.62,14.81,8/26/2023,10.8,41.4,200.4
797,Sauvignon Blanc,Loire Valley,2.01,24.33,2.9,209.69,12.46,9/6/2023,6.8,68.5,762.1
798,Riesling,Sonoma,2.81,11.44,3.67,80.98,21.75,8/25/2023,11.9,42.5,298.7
799,Cabernet Sauvignon,Loire Valley,2.01,11.43,4.17,101.76,11.84,8/10/2023,11.8,33.9,340.1
800,Merlot,Napa Valley,1.71,10.24,3.07,220.39,19.52,9/28/2023,7,,358.1
801,Cabernet Sauvignon,Loire Valley,2.47,29.13,3.91,138.91,11.86,9/28/2023,7.8,32.3,222.7
802,Syrah,Mendoza,1.91,24.75,4.07,331.49,11.06,9/17/2023,6.6,34.4,273.8
803,Cabernet Sauvignon,Bordeaux,2.34,17.07,4.12,295.62,23.64,9/21/2023,7.6,38.8,791.8
804,Cabernet Sauvignon,Rioja,2.2,15.93,4.14,345.07,12.85,9/25/2023,10.9,48.6,389.1
805,Syrah,Mendoza,2.6,16.99,3.53,127.9,22.32,8/12/2023,8.3,47.3,269.2
806,Pinot Noir,Bordeaux,2.39,25.49,4.17,340.92,18.17,8/4/2023,6.5,62,264.2
807,Zinfandel,Tuscany,2.13,23.23,3.86,179.37,11.17,8/23/2023,8.1,59.6,631.7
808,Cabernet Sauvignon,Mendoza,2.89,13.7,3.03,154.26,24.33,9/22/2023,11.9,47.1,712.7
809,Syrah,Tuscany,2.08,13.48,3.47,65.1,13.7,8/16/2023,9.8,43.3,354.2
810,Sauvignon Blanc,Sonoma,2.26,11.97,3.81,65.83,22.89,8/30/2023,8.5,42.7,212.5
811,Merlot,Sonoma,2.04,23.21,3.15,257.6,12.53,9/8/2023,7,61,333.9
812,Merlot,Napa Valley,3.65,25.29,3.7,187.38,22.81,9/22/2023,11.9,32.1,233.9
813,Cabernet Sauvignon,Loire Valley,2.09,15.3,3.73,117.96,10.2,9/2/2023,10.9,30.5,262
814,Pinot Noir,Mendoza,1.7,10.42,3.03,234.19,17.68,9/24/2023,7.7,61.8,458.9
815,Pinot Noir,Tuscany,1.91,11.64,3.59,125.86,21.54,8/7/2023,6.4,49.1,338
816,Sauvignon Blanc,Bordeaux,2.92,29.36,3.88,223.29,24.02,9/22/2023,6.3,35.2,509.6
817,Cabernet Sauvignon,Sonoma,2.27,15.91,3.5,157.76,23.64,8/20/2023,6.7,39.4,352.1
818,Merlot,Loire Valley,3.14,25.38,2.82,297.07,22.29,9/3/2023,9.5,67.3,764.3
819,Pinot Noir,Sonoma,3.31,22.49,2.81,296.21,23.32,8/3/2023,11.6,64.4,743.6
820,Cabernet Sauvignon,Bordeaux,2.11,17.64,3.3,193.21,12.99,8/8/2023,9,58.4,540.1
821,Riesling,Loire Valley,2.23,14.11,4.1,155.25,14.26,8/15/2023,11.1,49.3,412.7
822,Pinot Noir,Loire Valley,1.79,12.43,3.12,158.77,14.33,8/24/2023,8.7,50.8,428.7
823,Syrah,Tuscany,2.78,22.3,3.69,291.71,15.66,9/23/2023,10.3,69,447.1
824,Riesling,Tuscany,2.96,25.49,3.11,148.45,15.9,9/16/2023,10.4,68.6,636.5
825,Zinfandel,Mendoza,2.42,22.88,3.25,112.72,18.17,9/29/2023,7,38.6,471
826,Pinot Noir,Mendoza,2.04,20.61,3.99,75.41,12.4,8/13/2023,8.2,62.4,714
827,Merlot,Barossa Valley,2.3,10.84,3.82,190.01,20.37,9/25/2023,9.8,37.9,766.5
828,Chardonnay,Rioja,2.25,29.37,2.93,194.64,12.51,9/2/2023,6.4,38.5,401.6
829,Riesling,Barossa Valley,2.61,25.97,3.4,302.27,14.65,8/3/2023,8.2,57,536.4
830,Zinfandel,Napa Valley,2.22,15.86,2.84,116.37,17.55,9/27/2023,9.2,46.2,257
831,Sauvignon Blanc,Sonoma,3.97,29.6,3.47,164.3,21.95,9/11/2023,12,67.3,320.3
832,Sauvignon Blanc,Mendoza,2.87,22.04,3.73,292.52,21.09,9/25/2023,8.8,33.6,448.1
833,Merlot,Tuscany,3.03,21.65,2.97,297.09,19.68,9/9/2023,10.9,50.5,323.7
834,Pinot Noir,Bordeaux,2.41,24.96,3.2,165.38,12.34,8/12/2023,8.6,66.7,725.9
835,Cabernet Sauvignon,Tuscany,3.29,26.24,3.36,187.74,18.21,9/19/2023,10.8,66.2,295
836,Pinot Noir,Sonoma,2.33,23.13,4.09,140.99,11.31,8/28/2023,9.6,36.3,473.4
837,Merlot,Barossa Valley,2.24,12.56,4.19,329.77,15.66,9/20/2023,11.3,44.7,563.4
838,Sauvignon Blanc,Tuscany,2.08,16.77,2.86,85.59,16.2,9/15/2023,8.5,54.8,615.1
839,Pinot Noir,Rioja,2.66,28.56,3.87,330.12,10.6,9/18/2023,9.6,36.4,429.8
840,Sauvignon Blanc,Napa Valley,2.13,14.49,3.32,255.16,14.11,8/23/2023,9.8,68.7,721.5
841,Riesling,Sonoma,2.63,17.44,3.35,209.47,24.33,9/23/2023,8.5,66.6,541
842,Zinfandel,Barossa Valley,2.38,18.64,3.86,59.8,24.3,8/21/2023,6.9,36.7,463.7
843,Cabernet Sauvignon,Rioja,1.83,18.79,4.09,192.68,15.28,9/25/2023,6.6,34.8,240.3
844,Riesling,Bordeaux,1.64,22.26,4.13,172.32,10.65,8/29/2023,6.1,33.4,478.8
845,Sauvignon Blanc,Barossa Valley,3.15,28.86,3.61,98.37,12.69,8/11/2023,11.2,66.4,692.4
846,Sauvignon Blanc,Loire Valley,1.86,14.81,3.3,246.92,15.88,8/27/2023,7.4,37.7,568.7
847,Chardonnay,Rioja,2.06,12.43,3.9,341.35,24.22,9/24/2023,7.3,46.7,699.3
848,Chardonnay,Rioja,2.02,13.95,3.15,218.66,12.12,9/25/2023,10.4,48,496.4
849,Riesling,Napa Valley,3.12,27.74,3.59,264.43,21.45,8/18/2023,7.9,54,271.1
850,Syrah,Sonoma,2.33,22.92,3.3,70.54,11.63,8/8/2023,9,32.9,208.2
851,Riesling,Bordeaux,2.25,15.72,3.72,175.3,24.72,8/26/2023,7,39.1,381.9
852,Chardonnay,Napa Valley,3.24,26.32,3.14,84.91,15.72,8/31/2023,11.8,67.3,618.8
853,Sauvignon Blanc,Barossa Valley,3.55,27.23,3.07,233.84,21.63,8/21/2023,11.1,66.3,674.2
854,Merlot,Napa Valley,3.08,26.93,4.09,331.54,15.14,9/19/2023,11.2,61.3,377.5
855,Riesling,Rioja,2.99,28.38,2.94,248.53,19.42,9/20/2023,8.4,30.8,497.4
856,Sauvignon Blanc,Sonoma,2.26,15.04,3.51,73.04,12.88,8/20/2023,10.6,43.1,452.7
857,Merlot,Mendoza,2.1,25.1,3.11,156.4,12.19,9/7/2023,6.9,55.1,446.3
858,Merlot,Napa Valley,2.21,19.21,2.85,215.2,24.07,8/28/2023,6.1,41,338.8
859,Chardonnay,Loire Valley,2.66,26.84,2.85,170.96,23.76,8/25/2023,6.1,66.4,281.8
860,Riesling,Napa Valley,3.15,24.57,3.05,300.09,23.31,8/20/2023,9.5,55.4,318
861,Pinot Noir,Barossa Valley,2.88,25.53,4.01,294.4,19.38,9/30/2023,8.7,32.9,233.2
862,Cabernet Sauvignon,Barossa Valley,3.03,23.12,3.2,233.55,22.12,9/28/2023,9.1,66.4,318.9
863,Chardonnay,Bordeaux,1.12,13.55,4.13,162.04,11.04,9/18/2023,6,68.3,205.5
864,Chardonnay,Barossa Valley,2.38,20.9,3.61,126.6,15.02,8/11/2023,8.5,33.1,576.4
865,Pinot Noir,Tuscany,3.19,29.69,3.41,81.76,14.71,9/1/2023,10.3,51.3,389.8
866,Cabernet Sauvignon,Sonoma,3.18,28.75,3.61,156.47,19.53,8/6/2023,8.7,42.1,783.9
867,Sauvignon Blanc,Sonoma,2.14,10.86,3.52,173.95,15.34,8/12/2023,10.4,45.7,316.2
868,Syrah,Mendoza,1.49,13.3,3.86,252.75,12.23,9/29/2023,7.4,37.2,407.5
869,Riesling,Mendoza,2.5,12.63,3.2,247.45,18.95,8/15/2023,10.9,53.1,414.7
870,Syrah,Sonoma,3.2,24.52,3.29,71.03,22.22,8/19/2023,9.5,68.3,205.1
871,Sauvignon Blanc,Loire Valley,2.44,26.36,4.05,168.58,15.73,9/23/2023,7.3,50.1,703.5
872,Zinfandel,Mendoza,1.46,14.27,4.13,104.53,11.98,9/28/2023,7.4,33.3,219.2
873,Chardonnay,Bordeaux,2.3,20.12,4.05,97.04,12.95,9/20/2023,9.8,54.8,764.1
874,Cabernet Sauvignon,Barossa Valley,3.05,26.81,3.39,298.19,13.56,9/2/2023,11,43.6,735.2
875,Chardonnay,Sonoma,2.5,24.66,3.89,62.57,14.5,9/11/2023,8.5,64.2,521.3
876,Merlot,Rioja,2.54,20.84,3.47,175.75,19.64,9/8/2023,7.5,47.4,526.2
877,Chardonnay,Mendoza,3.18,21.81,3.5,100.46,19.01,8/28/2023,11.2,37.7,592.3
878,Chardonnay,Sonoma,2.87,20.17,3.09,313.8,20.44,8/13/2023,10,37.6,432.2
879,Sauvignon Blanc,Tuscany,2.14,15.95,3.63,217.11,15.44,8/24/2023,8.7,60.8,588.3
880,Sauvignon Blanc,Napa Valley,2.85,21.3,3.06,119.41,22.36,8/20/2023,8.9,40.6,226.9
881,Sauvignon Blanc,Barossa Valley,2.17,23.78,3.26,200.73,13.06,9/9/2023,7.2,60.7,232.4
882,Syrah,Sonoma,3.03,27.47,4,269.45,17.04,9/30/2023,9.8,38.2,474.3
883,Merlot,Napa Valley,2.83,22.73,3.09,337.44,22.01,9/25/2023,8.2,42.9,529.8
884,Zinfandel,Mendoza,2.94,25.22,2.9,116.13,12.7,9/13/2023,12,48.6,732.7
885,Zinfandel,Napa Valley,1.64,13.2,2.9,315.85,11.65,9/7/2023,8.9,67.7,262.8
886,Sauvignon Blanc,Barossa Valley,2.68,19.23,4.12,330.29,23.26,9/15/2023,8.9,67.3,693.6
887,Cabernet Sauvignon,Sonoma,1.92,10.19,3.51,324.93,15.14,9/16/2023,9.4,38.3,326
888,Syrah,Tuscany,2.86,14.93,3.37,240.62,20.26,9/2/2023,11.5,44.3,436.5
889,Pinot Noir,Loire Valley,2.59,24.53,3.94,238.95,10.38,8/25/2023,10.8,36,390
890,Cabernet Sauvignon,Mendoza,3.21,29.84,3.97,170.96,20.35,9/21/2023,8.7,50.4,440.1
891,Riesling,Sonoma,2.09,11.98,3.27,275.72,14.74,8/11/2023,10.3,48.4,290.3
892,Riesling,Barossa Valley,2.05,18.03,3.77,209.39,10.84,9/4/2023,9.5,66,502.1
893,Cabernet Sauvignon,Mendoza,2.97,26,3.88,253.23,19.15,8/23/2023,9,67.2,681
894,Sauvignon Blanc,Bordeaux,1.63,14.08,3.72,178.54,13.61,8/3/2023,7.2,45.3,464.9
895,Pinot Noir,Napa Valley,2.4,21.1,3.01,269.45,15.8,8/2/2023,8.8,49.7,494.4
896,Pinot Noir,Loire Valley,2.08,24.66,4.03,297.34,11.21,8/11/2023,7.5,65.8,709.3
897,Syrah,Barossa Valley,2.79,22.32,3.55,93.93,12.21,8/19/2023,11.5,62.3,623.6
898,Pinot Noir,Bordeaux,1.78,13.76,3.2,299.88,14.47,8/15/2023,8,30.1,494.3
899,Riesling,Rioja,2.44,17.11,3.4,212.09,11.35,8/31/2023,11.7,42.8,354.6
900,Merlot,Sonoma,3.11,25.68,2.85,303.4,23.66,8/3/2023,9.2,,731
901,Sauvignon Blanc,Tuscany,2.17,21.08,2.98,179.39,10.09,8/8/2023,9.8,39.2,546.2
902,Pinot Noir,Mendoza,1.95,10.1,3.87,163.71,17.26,9/17/2023,9.3,38,332.7
903,Syrah,Napa Valley,1.99,25.22,2.8,324.52,11.85,9/13/2023,6.8,31.5,361.5
904,Riesling,Mendoza,1.7,10.71,3.38,125.35,14.62,9/15/2023,8.3,55.7,681.9
905,Merlot,Loire Valley,2.79,24.91,3.53,303.26,23.89,9/2/2023,6.6,40.5,226.5
906,Chardonnay,Sonoma,1.87,14.05,2.88,195.21,12.43,8/6/2023,9.7,32.1,795.3
907,Chardonnay,Mendoza,3.23,29.16,4.16,204.23,24.49,9/4/2023,8.7,39.2,278.2
908,Merlot,Napa Valley,2.34,17.36,3.12,142.54,13.09,8/16/2023,10.7,62.1,677.6
909,Riesling,Sonoma,2.28,16.54,3.23,221.91,21.12,8/5/2023,7.3,64.1,436.9
910,Syrah,Mendoza,1.82,12.98,3.23,147.56,18.2,8/19/2023,7,49.3,495.3
911,Merlot,Tuscany,2.47,16.11,3.12,61.78,23.27,9/24/2023,8.4,46.6,728.4
912,Sauvignon Blanc,Barossa Valley,3.36,27.53,2.8,131.6,18.31,9/3/2023,11.6,69.1,447.7
913,Sauvignon Blanc,Sonoma,3.37,29.93,3.82,51.91,18.02,8/1/2023,10.3,38,522.5
914,Chardonnay,Barossa Valley,1.89,17.37,4.15,343.51,12.93,9/27/2023,8.5,38.6,229.6
915,Pinot Noir,Rioja,2.12,18.97,3.11,339.72,12.49,8/7/2023,9.1,41.7,201.4
916,Syrah,Sonoma,2.69,24.44,3.73,168.55,23.75,8/24/2023,6.5,36.9,346.9
917,Chardonnay,Tuscany,3.29,27.72,3.84,268.51,14.92,9/19/2023,11.9,45.2,608.3
918,Pinot Noir,Barossa Valley,2.63,21.86,3.99,153.74,15.58,8/25/2023,10,66.4,272.8
919,Pinot Noir,Bordeaux,2.49,17.83,3.39,251.33,21.4,9/13/2023,7.7,54.6,268.3
920,Zinfandel,Napa Valley,2.35,18.25,3.22,291.63,15.08,9/14/2023,9.5,46.5,446.6
921,Sauvignon Blanc,Bordeaux,2.69,23.91,3.26,334.03,24.28,8/8/2023,6.7,67.4,588.7
922,Riesling,Mendoza,2.63,10.06,3.8,170.06,21.07,8/20/2023,11.8,31.9,627.2
923,Cabernet Sauvignon,Tuscany,2.4,22.39,3.94,284.99,18.96,8/28/2023,7,38.4,307.1
924,Riesling,Bordeaux,2.76,17.11,3.05,129.78,23.21,9/21/2023,9.9,52.6,247.8
925,Cabernet Sauvignon,Sonoma,2.21,25.88,3.32,347.1,10.74,9/21/2023,7.5,54.6,764.2
926,Merlot,Mendoza,1.95,11.86,4.06,57.73,13.86,9/23/2023,10.3,31.6,356.4
927,Sauvignon Blanc,Mendoza,2.85,21.76,3.93,231.06,16.98,8/12/2023,10.7,46.1,712
928,Pinot Noir,Bordeaux,2.3,19.62,4.18,247.85,13.4,8/16/2023,10,56,718.1
929,Syrah,Rioja,3.04,22.85,3.86,256.41,21.16,8/4/2023,9.7,57.9,663.5
930,Cabernet Sauvignon,Bordeaux,2.74,11.3,3.35,86.12,23.79,9/26/2023,11.4,55.5,301.3
931,Riesling,Rioja,2.17,21.6,3.63,331.56,16.36,9/23/2023,6.5,42.8,693.1
932,Pinot Noir,Tuscany,2.29,21.23,3.73,104.35,15.13,8/4/2023,8,33.7,661.6
933,Cabernet Sauvignon,Napa Valley,2.58,21.21,2.91,236.83,24.42,8/28/2023,7.5,47.1,558
934,Cabernet Sauvignon,Bordeaux,3.14,22.07,3.56,116.8,16.67,9/7/2023,11.9,35.2,402.3
935,Zinfandel,Loire Valley,2.61,23.53,3.79,142.16,17.34,8/26/2023,8.3,67.9,357.5
936,Cabernet Sauvignon,Rioja,2.93,26.1,3.03,213.94,15.27,9/26/2023,10.4,49,273.1
937,Syrah,Bordeaux,2.71,15.4,3.89,175.16,23.64,9/22/2023,10.1,42.7,505.9
938,Sauvignon Blanc,Barossa Valley,2.75,26.5,3.62,98.07,18.53,9/3/2023,7.3,60.7,551.2
939,Syrah,Sonoma,2.44,19.97,4.13,101.28,21.43,8/15/2023,7.4,49.9,415.6
940,Chardonnay,Loire Valley,2.02,11.54,2.86,175.44,22.18,8/11/2023,7.7,42.4,485.2
941,Pinot Noir,Loire Valley,1.75,11.17,3.17,277.18,15.13,8/2/2023,8.5,62.5,418.1
942,Sauvignon Blanc,Rioja,2.03,16.68,3.64,319.39,16.51,9/2/2023,7.4,64.7,584.6
943,Zinfandel,Barossa Valley,2.69,25.7,3.22,75.24,22.73,8/14/2023,6.1,56.9,740.8
944,Sauvignon Blanc,Barossa Valley,3.02,24.15,3.8,167.93,15.45,8/9/2023,11.3,31.9,298.4
945,Sauvignon Blanc,Mendoza,3.62,25.77,3.86,80.07,21.91,9/15/2023,11.8,52.7,428.8
946,Riesling,Rioja,2.61,20.35,2.94,54.98,24.11,8/21/2023,8,60.5,284.5
947,Sauvignon Blanc,Napa Valley,2.48,18.8,3.52,248.52,19.35,9/30/2023,8,35.5,575
948,Zinfandel,Sonoma,1.92,12.95,3.51,230.73,21.12,9/4/2023,6,39.1,637.3
949,Syrah,Tuscany,2.83,16.56,3.32,98.91,22.08,9/21/2023,10.1,65.3,759.1
950,Sauvignon Blanc,Loire Valley,3,18.68,4.11,120.14,22.68,8/28/2023,11,,367.3
951,Merlot,Tuscany,1.54,11.77,3.96,57.11,15.93,8/6/2023,6.9,60.1,770.1
952,Pinot Noir,Bordeaux,1.41,14.41,3.78,300.48,10.77,8/24/2023,7,49,238
953,Sauvignon Blanc,Bordeaux,2.83,21.96,3.8,342.41,16.03,9/27/2023,10.7,47.9,561.8
954,Pinot Noir,Tuscany,3.16,24.71,3.45,90.64,20.11,8/29/2023,9.7,30.3,234.3
955,Merlot,Bordeaux,2.55,29.97,4.09,119.44,16.76,8/30/2023,6.3,62.8,736.3
956,Merlot,Napa Valley,3.42,28.66,3.77,310.52,21.23,9/9/2023,9.7,44.4,517.9
957,Pinot Noir,Barossa Valley,2.36,22.85,3.82,327.94,15.35,8/13/2023,7.9,51.6,601.6
958,Cabernet Sauvignon,Bordeaux,2.38,18.42,4.01,175.89,19.52,8/6/2023,8.2,57.1,698.9
959,Chardonnay,Mendoza,2.64,22.72,3.18,65.19,12.8,9/9/2023,10.6,58.1,290.2
960,Riesling,Bordeaux,3.4,25.71,3.93,61.82,21.24,8/31/2023,10.9,68.2,223.2
961,Cabernet Sauvignon,Sonoma,1.98,12.37,3.07,222.18,18.19,8/7/2023,8.4,51.3,727.3
962,Cabernet Sauvignon,Napa Valley,2.59,18.2,3.28,167.87,13.06,8/25/2023,11.7,46,389
963,Syrah,Sonoma,2.64,26.8,3.27,58.6,14.38,9/11/2023,8.4,68.1,277.4
964,Riesling,Sonoma,2.81,17.68,4.17,224.98,21.23,8/18/2023,10.6,55.7,481.1
965,Riesling,Mendoza,2.53,21.44,4,53.39,17.24,9/15/2023,8.9,41.9,559
966,Cabernet Sauvignon,Napa Valley,2.75,21.76,3.78,286.21,13.24,9/24/2023,11.4,35.1,218.6
967,Sauvignon Blanc,Napa Valley,2.84,13.69,3.82,141.93,24.51,8/5/2023,11.4,63.7,364.9
968,Syrah,Rioja,2.21,17.24,3.59,62.08,20.73,9/10/2023,6.5,44.5,219.7
969,Syrah,Napa Valley,2.98,16.69,4.13,226.51,24.36,9/5/2023,11.6,56.4,452.2
970,Merlot,Napa Valley,2.29,10.52,3.49,169.31,16.41,8/1/2023,11,48.8,737.1
971,Zinfandel,Napa Valley,2.24,10.48,3.33,342.14,17.13,8/19/2023,10.7,38,789.6
972,Riesling,Mendoza,2.88,26.63,3.03,213.26,23.47,8/5/2023,7.2,54.1,582.2
973,Cabernet Sauvignon,Bordeaux,2.55,15.46,3.9,132.57,17.88,9/30/2023,10.8,32.4,297
974,Merlot,Rioja,3.1,20.36,3.83,262.83,20.61,8/3/2023,11.1,46.5,743.5
975,Pinot Noir,Sonoma,1.85,15.97,3.34,131.45,13.78,8/21/2023,7.7,51.9,509.7
976,Chardonnay,Napa Valley,3.36,28.81,2.84,321.27,16.7,8/18/2023,11.7,47.4,292.2
977,Zinfandel,Loire Valley,1.37,15.19,3.97,162.42,11.85,8/15/2023,6.3,59.9,753
978,Zinfandel,Bordeaux,1.7,18.59,2.82,214.96,13.09,8/8/2023,6.9,63.1,654.5
979,Zinfandel,Bordeaux,2.51,27.45,3.79,65.17,10.01,9/10/2023,9.2,60.8,639
980,Syrah,Sonoma,2.47,26.84,4.16,177.84,10.59,8/30/2023,9.5,31.6,625.5
981,Pinot Noir,Mendoza,2.65,13.72,3.41,299.71,24.66,8/11/2023,9.9,37.8,320.2
982,Zinfandel,Tuscany,2.13,26.05,3.13,291.69,13.64,8/16/2023,6.1,51.5,326.6
983,Pinot Noir,Tuscany,3.11,19.16,3.79,117.3,19.95,8/16/2023,11.8,67.4,613
984,Sauvignon Blanc,Bordeaux,2.32,19.66,3.94,117.82,22.59,8/16/2023,6.3,63.4,331.8
985,Zinfandel,Barossa Valley,1.84,12.67,3.57,295.19,18.26,8/6/2023,6.9,63.7,463.2
986,Chardonnay,Barossa Valley,1.1,11.61,4.15,329.12,12.3,9/30/2023,6.1,42.1,669.2
987,Pinot Noir,Sonoma,3.01,24.56,2.87,78.61,20.92,8/7/2023,9.4,47.2,670.4
988,Pinot Noir,Tuscany,3.13,19.93,3.51,185.02,19,9/2/2023,11.6,48.8,472
989,Chardonnay,Bordeaux,2.84,18.74,3.81,151.24,20.97,8/16/2023,10,36.3,675.3
990,Zinfandel,Mendoza,3.33,24.59,4.01,311.21,21.55,9/30/2023,10.9,31.2,703.2
991,Chardonnay,Tuscany,2.62,25.31,3.05,75.06,24.63,9/5/2023,6.1,67.9,592.9
992,Pinot Noir,Bordeaux,2.21,13.18,3.92,113.34,18.6,8/20/2023,9.3,39.6,337.1
993,Chardonnay,Bordeaux,2.52,22.2,3.57,275.74,15.12,8/26/2023,8.8,39.6,364.4
994,Pinot Noir,Napa Valley,2.28,12.71,3.36,65.39,19.73,8/21/2023,9,33.3,388.9
995,Pinot Noir,Mendoza,1.91,25.03,2.98,197.76,11.03,8/7/2023,6.4,67.1,270.1
996,Sauvignon Blanc,Napa Valley,3.14,23.14,4.01,182.63,23.46,9/9/2023,10.1,53.2,363.9
997,Cabernet Sauvignon,Sonoma,2.65,29.13,3.02,150.32,11.79,8/19/2023,9,56.7,325.7
998,Pinot Noir,Napa Valley,2.11,11.38,3.23,168.37,14.92,8/28/2023,10.6,66.5,473.2
999,Zinfandel,Loire Valley,2.28,11.14,3.21,208.98,22.24,8/24/2023,8.9,43.8,745.1
1000,Merlot,Napa Valley,1.96,15.64,4.02,98.41,18.96,8/29/2023,6.9,,262.7
